datetimestamp_utc,pop_ping_drop_rate,pop_ping_latency_ms,downlink_throughput_bps,uplink_throughput_bps,snr,scheduled,obstructed,power_w
2024-10-03T23:57:51,0.0,30.617502212524414,8569542.0,669813.5625,,,,32.76399230957031
2024-10-03T23:57:52,0.0,27.79331398010254,1533865.375,409758.34375,,,,35.252967834472656
2024-10-03T23:57:53,0.0,31.569623947143555,108632.4765625,294222.03125,,,,34.80995178222656
2024-10-03T23:57:54,0.0,31.898250579833984,680433.5625,302174.4375,,,,31.69259262084961
2024-10-03T23:57:55,0.0,32.89459991455078,29100.08203125,268359.96875,,,,30.060644149780273
2024-10-03T23:57:56,0.0,31.427534103393555,270121.5625,359854.5,,,,29.915512084960938
2024-10-03T23:57:57,0.0,35.52487564086914,136214.21875,285841.8125,,,,32.14476013183594
2024-10-03T23:57:58,0.0,36.57186508178711,3392210.5,418532.8125,,,,33.97340774536133
2024-10-03T23:57:59,0.0,26.680469512939453,3242809.25,389332.0625,,,,33.72649383544922
2024-10-03T23:58:00,0.0,26.985877990722656,30635.197265625,258855.671875,,,,34.81805419921875
2024-10-03T23:58:01,0.0,29.973312377929688,5556077.0,505262.625,,,,34.77360534667969
2024-10-03T23:58:02,0.0,32.217750549316406,3276967.75,419380.0625,,,,33.30818557739258
2024-10-03T23:58:03,0.0,33.34626770019531,33168.5546875,259015.046875,,,,32.74037170410156
2024-10-03T23:58:04,0.0,31.352001190185547,389625.6875,428423.0,,,,33.08253479003906
2024-10-03T23:58:05,0.0,30.017627716064453,75027.7109375,257102.453125,,,,34.49060821533203
2024-10-03T23:58:06,0.0,35.27446746826172,143873.015625,352178.9375,,,,32.760498046875
2024-10-03T23:58:07,0.0,31.374753952026367,61614.32421875,294163.3125,,,,32.10299301147461
2024-10-03T23:58:08,0.0,28.242877960205078,39468.40234375,262353.71875,,,,34.53961181640625
2024-10-03T23:58:09,0.0,27.149063110351562,101460.2109375,286621.96875,,,,35.5383415222168
2024-10-03T23:58:10,0.0,28.440624237060547,690315.3125,348068.5,,,,34.966957092285156
2024-10-03T23:58:11,0.0,29.289562225341797,4771885.0,509146.5625,,,,33.701202392578125
2024-10-03T23:58:12,0.0,27.3093318939209,6384309.5,630580.0625,,,,35.9967041015625
2024-10-03T23:58:13,0.0,27.573266983032227,9337980.0,699702.1875,,,,41.188507080078125
2024-10-03T23:58:14,0.0,25.53612518310547,485507.46875,290606.5625,,,,42.45060348510742
2024-10-03T23:58:15,0.0,25.174440383911133,78290.875,310336.5625,,,,41.23215103149414
2024-10-03T23:58:16,0.0,25.15768814086914,1361362.0,416838.3125,,,,40.7508659362793
2024-10-03T23:58:17,0.0,24.18174934387207,51556.38671875,265591.71875,,,,40.50635528564453
2024-10-03T23:58:18,0.0,25.14674949645996,2507304.5,1826845.875,,,,40.73607635498047
2024-10-03T23:58:19,0.0,26.21231460571289,4302727.0,512971.78125,,,,41.07254409790039
2024-10-03T23:58:20,0.0,28.6126651763916,760829.9375,322692.96875,,,,40.747779846191406
2024-10-03T23:58:21,0.0,27.919065475463867,2426212.0,432122.375,,,,40.659732818603516
2024-10-03T23:58:22,0.0,26.262439727783203,159391.9375,365684.59375,,,,40.62929153442383
2024-10-03T23:58:23,0.0,26.59724998474121,128614.140625,370961.03125,,,,40.44187545776367
2024-10-03T23:58:24,0.0,27.826435089111328,719440.5625,358663.3125,,,,40.10313415527344
2024-10-03T23:58:25,0.0,28.337501525878906,4087332.5,498560.125,,,,40.23186492919922
2024-10-03T23:58:26,0.0,28.758625030517578,76730.59375,305160.78125,,,,40.347328186035156
2024-10-03T23:58:27,0.0,28.884689331054688,190639.5,286798.125,,,,39.405357360839844
2024-10-03T23:58:28,0.0,27.38224983215332,1706637.125,500959.28125,,,,37.504295349121094
2024-10-03T23:58:29,0.0,25.095874786376953,4477671.0,557985.0625,,,,35.582889556884766
2024-10-03T23:58:30,0.0,24.98674964904785,353554.65625,388031.84375,,,,34.62343978881836
2024-10-03T23:58:31,0.0,26.188934326171875,174667.59375,348085.28125,,,,33.136417388916016
2024-10-03T23:58:32,0.0,26.805686950683594,64793.609375,267328.15625,,,,32.98677062988281
2024-10-03T23:58:33,0.0,26.13730812072754,37211.86328125,148092.484375,,,,32.78132629394531
2024-10-03T23:58:34,0.0,25.59412384033203,6235797.5,607385.5625,,,,31.7806453704834
2024-10-03T23:58:35,0.0,26.552560806274414,94246.0078125,308423.9375,,,,31.316009521484375
2024-10-03T23:58:36,0.0,26.336374282836914,1540836.25,518516.625,,,,31.025516510009766
2024-10-03T23:58:37,0.0,26.28681182861328,3531016.75,575903.125,,,,31.840469360351562
2024-10-03T23:58:38,0.0,26.96087646484375,1446716.125,520026.59375,,,,32.6978759765625
2024-10-03T23:58:39,0.0,27.053064346313477,99522.4453125,331148.6875,,,,31.94063377380371
2024-10-03T23:58:40,0.0,25.720233917236328,2439994.5,1095627.75,,,,31.601892471313477
2024-10-03T23:58:41,0.0,26.684999465942383,437306.53125,564175.8125,,,,32.227684020996094
2024-10-03T23:58:42,0.0,30.8077335357666,1526064.0,3610037.5,,,,33.72261428833008
2024-10-03T23:58:43,0.0,27.7463321685791,128194.7109375,1605244.0,,,,36.39344787597656
2024-10-03T23:58:44,0.0,24.912628173828125,275750.3125,3633601.0,,,,37.752220153808594
2024-10-03T23:58:45,0.0,25.95018768310547,1934673.0,635311.25,,,,38.869422912597656
2024-10-03T23:58:46,0.0,29.45231056213379,4417181.0,3751620.5,,,,39.768707275390625
2024-10-03T23:58:47,0.0,30.536373138427734,907882.25,5613547.5,,,,41.556358337402344
2024-10-03T23:58:48,0.0,27.03162384033203,313255.78125,5353676.5,,,,42.719581604003906
2024-10-03T23:58:49,0.0,25.917125701904297,352044.71875,3610138.0,,,,42.22079086303711
2024-10-03T23:58:50,0.0,25.358060836791992,5195677.5,3571491.75,,,,42.10279083251953
2024-10-03T23:58:51,0.0,26.35293960571289,1355884.25,1318764.625,,,,41.15215301513672
2024-10-03T23:58:52,0.0,26.211063385009766,362178.15625,3614055.5,,,,39.665470123291016
2024-10-03T23:58:53,0.0,25.565937042236328,406956.53125,5954343.0,,,,39.86967086791992
2024-10-03T23:58:54,0.0,25.39231300354004,1195821.25,2633209.25,,,,40.78380584716797
2024-10-03T23:58:55,0.0,25.43337631225586,4774477.0,3100362.5,,,,41.652679443359375
2024-10-03T23:58:56,0.0,25.965436935424805,413793.25,1960694.5,,,,42.071495056152344
2024-10-03T23:58:57,0.0,31.021625518798828,168090.921875,1855602.0,,,,41.39431381225586
2024-10-03T23:58:58,0.0,32.62031173706055,496379.09375,2121638.25,,,,41.58818817138672
2024-10-03T23:58:59,0.0,26.259748458862305,466851.1875,2563776.75,,,,41.120216369628906
2024-10-03T23:59:00,0.0,24.779748916625977,3848626.25,2079225.5,,,,40.640968322753906
2024-10-03T23:59:01,0.0,25.303876876831055,302568.6875,2064923.0,,,,39.58381271362305
2024-10-03T23:59:02,0.0,25.860063552856445,842316.9375,1954990.25,,,,38.49669647216797
2024-10-03T23:59:03,0.0,25.607877731323242,2019658.0,2208376.5,,,,38.58308792114258
2024-10-03T23:59:04,0.0,23.624818801879883,148922.953125,1571907.75,,,,39.5397834777832
2024-10-03T23:59:05,0.0,25.73918914794922,487696.90625,2688632.75,,,,38.35548400878906
2024-10-03T23:59:06,0.0,26.23581314086914,1737339.375,1871129.375,,,,36.268585205078125
2024-10-03T23:59:07,0.0,23.81231117248535,1503154.625,3357213.25,,,,37.792877197265625
2024-10-03T23:59:08,0.0,25.554187774658203,1729907.125,8992521.0,,,,41.060142517089844
2024-10-03T23:59:09,0.0,25.578248977661133,409808.65625,7318037.0,,,,41.64957809448242
2024-10-03T23:59:10,0.0,24.676998138427734,1335340.625,2424542.5,,,,39.65533447265625
2024-10-03T23:59:11,0.0,24.824249267578125,3721899.5,3113482.25,,,,38.15441131591797
2024-10-03T23:59:12,0.0,29.40535545349121,379005.6875,1309168.125,,,,38.13615417480469
2024-10-03T23:59:13,0.0,33.01528549194336,2811484.0,2280527.0,,,,39.14813995361328
2024-10-03T23:59:14,0.0,32.32373809814453,196914.1875,2488715.5,,,,36.84828186035156
2024-10-03T23:59:15,0.0,35.73786926269531,1663830.125,2616599.75,,,,33.72610092163086
2024-10-03T23:59:16,0.0,35.09346008300781,1315300.125,2200524.75,,,,33.68317794799805
2024-10-03T23:59:17,0.0,32.09479904174805,1183825.5,1785481.625,,,,34.7606086730957
2024-10-03T23:59:18,0.0,31.92733383178711,2383656.5,3978372.75,,,,34.32773208618164
2024-10-03T23:59:19,0.0,33.999359130859375,1671799.25,3144142.5,,,,32.84697341918945
2024-10-03T23:59:20,0.0,34.17449951171875,544311.625,3595885.75,,,,32.15201950073242
2024-10-03T23:59:21,0.0,34.39640426635742,813787.25,4270405.5,,,,32.77334213256836
2024-10-03T23:59:22,0.0,36.455265045166016,239251.484375,2586820.25,,,,33.58576202392578
2024-10-03T23:59:23,0.0,37.44920349121094,364090.75,5092699.0,,,,33.117767333984375
2024-10-03T23:59:24,0.0,34.95640182495117,285204.28125,4471681.5,,,,32.6823844909668
2024-10-03T23:59:25,0.0,30.791200637817383,947694.625,3352381.25,,,,32.69780731201172
2024-10-03T23:59:26,0.0,32.189666748046875,4632046.5,5379933.0,,,,33.281776428222656
2024-10-03T23:59:27,0.0,29.988332748413086,3971678.75,4828214.5,,,,35.24443817138672
2024-10-03T23:59:28,0.0,23.929126739501953,3309356.25,3633005.5,,,,36.23565673828125
2024-10-03T23:59:29,0.0,22.502059936523438,715346.9375,3311856.0,,,,36.270137786865234
2024-10-03T23:59:30,0.0,23.68143653869629,290581.375,3388997.75,,,,35.06051254272461
2024-10-03T23:59:31,0.0,23.718250274658203,329781.34375,4386705.0,,,,34.659690856933594
2024-10-03T23:59:32,0.0,23.1534366607666,258671.109375,2950642.5,,,,34.780418395996094
2024-10-03T23:59:33,0.0,22.144187927246094,206938.578125,3761854.5,,,,34.85509490966797
2024-10-03T23:59:34,0.0,20.96299934387207,5532345.5,5941961.5,,,,35.362857818603516
2024-10-03T23:59:35,0.0,22.526765823364258,3404197.75,2317277.5,,,,35.196533203125
2024-10-03T23:59:36,0.0,22.781883239746094,244804.75,1102430.875,,,,35.53667068481445
2024-10-03T23:59:37,0.0,21.15282440185547,194246.609375,1101675.875,,,,36.61098098754883
2024-10-03T23:59:38,0.0,22.426177978515625,594005.75,1370975.375,,,,35.79795837402344
2024-10-03T23:59:39,0.0,23.428186416625977,857936.5,1433889.875,,,,33.83514404296875
2024-10-03T23:59:40,0.0,22.798471450805664,6112879.5,1582561.25,,,,34.615257263183594
2024-10-03T23:59:41,0.0,22.77056312561035,271774.125,1648755.75,,,,35.69073486328125
2024-10-03T23:59:42,0.0,24.149131774902344,194020.109375,1061452.5,,,,35.283180236816406
2024-10-03T23:59:43,0.0,24.188867568969727,953113.625,1023905.125,,,,38.26051330566406
2024-10-03T23:59:44,0.0,22.75994300842285,209052.5,1467318.5,,,,42.90837478637695
2024-10-03T23:59:45,0.0,23.03612518310547,250970.375,1073364.375,,,,44.67986297607422
2024-10-03T23:59:46,0.0,22.757686614990234,2058522.5,1482954.875,,,,45.41740417480469
2024-10-03T23:59:47,0.0,25.981624603271484,1466119.0,913586.5,,,,47.846126556396484
2024-10-03T23:59:48,0.0,29.38637924194336,1615327.125,734565.25,,,,49.3720703125
2024-10-03T23:59:49,0.0,26.984811782836914,1662211.125,1041303.0625,,,,49.0781364440918
2024-10-03T23:59:50,0.0,25.318124771118164,1686487.75,953952.5,,,,48.01013946533203
2024-10-03T23:59:51,0.0,24.301313400268555,532424.9375,1170689.0,,,,46.88425064086914
2024-10-03T23:59:52,0.0,23.49074935913086,225343.171875,1420426.25,,,,46.46088790893555
2024-10-03T23:59:53,0.0,23.87543487548828,2626196.25,1025549.25,,,,47.32195281982422
2024-10-03T23:59:54,0.0,26.53033447265625,4085789.0,962324.3125,,,,49.000274658203125
2024-10-03T23:59:55,0.0,25.613937377929688,2418788.0,1094126.125,,,,49.57917785644531
2024-10-03T23:59:56,0.0,21.92664909362793,384374.40625,1851273.5,,,,48.06189727783203
2024-10-03T23:59:57,0.0,24.1654109954834,222356.828125,1620242.875,,,,46.75609588623047
2024-10-03T23:59:58,0.0,25.489938735961914,180078.25,1218235.625,,,,45.321197509765625
2024-10-03T23:59:59,0.0,23.309812545776367,3925080.0,1193547.875,,,,42.27603530883789
2024-10-04T00:00:00,0.0,22.391437530517578,2286088.5,1758210.25,,,,41.608558654785156
2024-10-04T00:00:01,0.0,22.06962776184082,579552.125,3183569.0,,,,42.04061508178711
2024-10-04T00:00:02,0.0,22.547561645507812,641200.0,977323.1875,,,,41.64255905151367
2024-10-04T00:00:03,0.05882352963089943,24.092586517333984,385498.46875,2307060.25,,,,40.77613830566406
2024-10-04T00:00:04,0.05882352963089943,23.587413787841797,4352664.0,1297759.625,,,,40.300872802734375
2024-10-04T00:00:05,0.0,22.5836238861084,246146.921875,489836.0,,,,39.040245056152344
2024-10-04T00:00:06,0.0,23.29168701171875,221081.765625,1293187.75,,,,37.778114318847656
2024-10-04T00:00:07,0.0,22.775707244873047,87568.6796875,624129.1875,,,,37.736785888671875
2024-10-04T00:00:08,0.0,21.695751190185547,249259.09375,1486218.125,,,,37.930397033691406
2024-10-04T00:00:09,0.0,23.534875869750977,772414.625,581649.3125,,,,38.207923889160156
2024-10-04T00:00:10,0.0,23.250764846801758,7779628.5,2249304.5,,,,39.50419235229492
2024-10-04T00:00:11,0.0,21.49687957763672,990627.5,882322.1875,,,,40.340354919433594
2024-10-04T00:00:12,0.0,26.148601531982422,2139640.25,2143557.75,,,,39.932037353515625
2024-10-04T00:00:13,0.0,29.05466651916504,6728142.0,2219390.75,,,,40.429988861083984
2024-10-04T00:00:14,0.0,28.239498138427734,4505261.5,4040213.75,,,,40.15681838989258
2024-10-04T00:00:15,0.0,28.22319984436035,307853.53125,2642805.75,,,,37.722694396972656
2024-10-04T00:00:16,0.0,27.809467315673828,311041.1875,2023315.5,,,,35.41291427612305
2024-10-04T00:00:17,0.0,27.216001510620117,207559.328125,3284274.25,,,,35.34528732299805
2024-10-04T00:00:18,0.0,26.09099769592285,1615763.375,5164237.0,,,,35.83723449707031
2024-10-04T00:00:19,0.0,24.18673324584961,6199760.0,2763325.0,,,,36.60498046875
2024-10-04T00:00:20,0.0,24.470930099487305,1681664.25,2973501.5,,,,36.38312530517578
2024-10-04T00:00:21,0.0,25.55769157409668,257890.96875,2765531.0,,,,35.017513275146484
2024-10-04T00:00:22,0.0,24.635189056396484,1178968.5,2876000.75,,,,35.926876068115234
2024-10-04T00:00:23,0.0,24.836872100830078,746711.9375,3796180.75,,,,37.3061408996582
2024-10-04T00:00:24,0.0,26.90912628173828,234428.046875,3144864.0,,,,37.577518463134766
2024-10-04T00:00:25,0.0,26.42506217956543,175581.953125,1508229.75,,,,37.39280319213867
2024-10-04T00:00:26,0.0,24.238250732421875,605087.0625,3722453.25,,,,37.49922561645508
2024-10-04T00:00:27,0.0,26.694686889648438,960982.125,3644078.5,,,,38.82082748413086
2024-10-04T00:00:28,0.0,26.71487808227539,8707467.0,1565708.5,,,,40.14295196533203
2024-10-04T00:00:29,0.0,21.928529739379883,814592.5625,2299149.75,,,,40.947383880615234
2024-10-04T00:00:30,0.0,23.478750228881836,2406507.0,456340.28125,,,,39.842247009277344
2024-10-04T00:00:31,0.0,24.715688705444336,169022.0625,282914.1875,,,,37.70381164550781
2024-10-04T00:00:32,0.0,23.797500610351562,92442.4609375,310948.90625,,,,36.4834098815918
2024-10-04T00:00:33,0.0,25.642436981201172,45147.48828125,269576.3125,,,,34.504676818847656
2024-10-04T00:00:34,0.0,24.744375228881836,62226.6953125,306511.34375,,,,32.943275451660156
2024-10-04T00:00:35,0.0,20.698705673217773,4836267.5,591262.625,,,,33.72053909301758
2024-10-04T00:00:36,0.0,20.925823211669922,1092683.25,422282.53125,,,,34.98195266723633
2024-10-04T00:00:37,0.0,21.70599937438965,2191213.5,397846.5,,,,35.53440475463867
2024-10-04T00:00:38,0.0,22.08852767944336,82954.9453125,315990.46875,,,,35.44013214111328
2024-10-04T00:00:39,0.0,22.484115600585938,3833434.5,914903.5625,,,,35.45652770996094
2024-10-04T00:00:40,0.0,21.21429443359375,1616325.375,534798.9375,,,,36.045806884765625
2024-10-04T00:00:41,0.0,19.759313583374023,1416903.0,606144.0625,,,,35.91547393798828
2024-10-04T00:00:42,0.0,20.843563079833984,1331641.25,628248.0,,,,35.48690414428711
2024-10-04T00:00:43,0.0,22.34937286376953,2571712.25,855663.1875,,,,36.1721076965332
2024-10-04T00:00:44,0.0,23.70106315612793,12455531.0,686674.6875,,,,38.057106018066406
2024-10-04T00:00:45,0.0,23.127561569213867,2767502.5,524371.875,,,,40.175479888916016
2024-10-04T00:00:46,0.0,21.074687957763672,385834.03125,545804.75,,,,39.93703842163086
2024-10-04T00:00:47,0.0,21.22800064086914,2296943.5,486874.8125,,,,38.54914474487305
2024-10-04T00:00:48,0.0,22.041561126708984,11034987.0,1273013.25,,,,38.52155303955078
2024-10-04T00:00:49,0.0,23.69431495666504,3303375.0,586598.5625,,,,38.87516403198242
2024-10-04T00:00:50,0.0,24.851625442504883,3475274.5,633037.9375,,,,38.35407638549805
2024-10-04T00:00:51,0.0,24.238353729248047,124998.6484375,460157.09375,,,,36.682823181152344
2024-10-04T00:00:52,0.0,22.61511993408203,5879198.0,1192801.375,,,,36.361549377441406
2024-10-04T00:00:53,0.0,23.494998931884766,1730544.625,391311.78125,,,,37.2974853515625
2024-10-04T00:00:54,0.0,25.147438049316406,136851.75,421267.5,,,,37.11505126953125
2024-10-04T00:00:55,0.0,23.525375366210938,299724.96875,247145.171875,,,,37.198890686035156
2024-10-04T00:00:56,0.0,23.612438201904297,874101.3125,530722.0625,,,,38.168701171875
2024-10-04T00:00:57,0.0,27.718334197998047,454838.71875,329856.84375,,,,38.808040618896484
2024-10-04T00:00:58,0.0,33.75221633911133,303818.59375,357136.59375,,,,37.494667053222656
2024-10-04T00:00:59,0.0,36.38560485839844,65959.625,354083.15625,,,,34.41082763671875
2024-10-04T00:01:00,0.0,34.980464935302734,1684440.875,381564.21875,,,,32.6495361328125
2024-10-04T00:01:01,0.0,30.5444393157959,11477688.0,861392.625,,,,34.1885986328125
2024-10-04T00:01:02,0.0,28.997373580932617,2608613.75,541199.4375,,,,36.155731201171875
2024-10-04T00:01:03,0.0,27.929187774658203,169592.484375,362798.90625,,,,35.60372543334961
2024-10-04T00:01:04,0.0,29.413875579833984,53217.328125,276052.3125,,,,34.761478424072266
2024-10-04T00:01:05,0.0,30.618749618530273,99623.109375,286160.59375,,,,34.86107635498047
2024-10-04T00:01:06,0.0,31.198436737060547,2956925.5,477932.5625,,,,36.087249755859375
2024-10-04T00:01:07,0.0,31.61225128173828,5755709.0,550393.375,,,,37.819129943847656
2024-10-04T00:01:08,0.0,30.384498596191406,4504699.5,449881.0625,,,,38.30207824707031
2024-10-04T00:01:09,0.0,30.76993751525879,5445532.0,455920.84375,,,,38.63410186767578
2024-10-04T00:01:10,0.0,31.668811798095703,6217963.5,384693.1875,,,,39.199527740478516
2024-10-04T00:01:11,0.0,30.92012596130371,6726162.0,412258.125,,,,37.88252258300781
2024-10-04T00:01:12,0.0,28.168123245239258,7388828.5,342985.0,,,,36.92182159423828
2024-10-04T00:01:13,0.0,26.975811004638672,27621304.0,970117.375,,,,39.873538970947266
2024-10-04T00:01:14,0.0,27.4034366607666,39025232.0,897849.5,,,,43.20204162597656
2024-10-04T00:01:15,0.0,28.55674934387207,84493680.0,911766.1875,,,,43.67646408081055
2024-10-04T00:01:16,0.0,30.026124954223633,44104616.0,647969.625,,,,44.60590744018555
2024-10-04T00:01:17,0.0,30.537866592407227,39745.2265625,259778.40625,,,,44.18655776977539
2024-10-04T00:01:18,0.0,28.585264205932617,2004483.0,1529696.25,,,,43.81464385986328
2024-10-04T00:01:19,0.0,27.484498977661133,162017.578125,335317.8125,,,,43.718658447265625
2024-10-04T00:01:20,0.0,27.994564056396484,4174347.5,557624.3125,,,,41.82389450073242
2024-10-04T00:01:21,0.0,27.975000381469727,8772412.0,627644.0625,,,,41.584598541259766
2024-10-04T00:01:22,0.0,27.18393898010254,739615.1875,397032.8125,,,,42.44715881347656
2024-10-04T00:01:23,0.0,28.559873580932617,95445.578125,275599.3125,,,,42.80064392089844
2024-10-04T00:01:24,0.0,29.550251007080078,252153.171875,313725.5625,,,,42.222496032714844
2024-10-04T00:01:25,0.0,27.795997619628906,80983.625,278812.15625,,,,42.07025909423828
2024-10-04T00:01:26,0.0,28.434999465942383,1498733.875,721017.625,,,,41.518821716308594
2024-10-04T00:01:27,0.0,33.43666458129883,4608399.0,554260.5,,,,40.8701286315918
2024-10-04T00:01:28,0.0,32.21133041381836,92970.9453125,349419.0625,,,,39.26176071166992
2024-10-04T00:01:29,0.0,27.366561889648438,78961.96875,511562.46875,,,,38.568397521972656
2024-10-04T00:01:30,0.0,22.343374252319336,183165.25,338203.5,,,,40.363216400146484
2024-10-04T00:01:31,0.0,28.188800811767578,2912742.75,384391.1875,,,,38.54814910888672
2024-10-04T00:01:32,0.0,32.268333435058594,58988.69140625,264190.8125,,,,34.52201461791992
2024-10-04T00:01:33,0.0,30.83406639099121,2109944.75,492176.40625,,,,33.132469177246094
2024-10-04T00:01:34,0.0,26.97224998474121,2277935.0,453832.09375,,,,33.43362808227539
2024-10-04T00:01:35,0.0,22.911706924438477,84339.0625,288358.40625,,,,33.804691314697266
2024-10-04T00:01:36,0.0,21.339767456054688,3635329.0,471473.3125,,,,35.336421966552734
2024-10-04T00:01:37,0.0,25.24687385559082,257068.890625,380666.65625,,,,35.83076095581055
2024-10-04T00:01:38,0.0,28.53325080871582,66882.375,336492.21875,,,,34.60778045654297
2024-10-04T00:01:39,0.0,25.19243621826172,3701683.0,403869.53125,,,,34.91495895385742
2024-10-04T00:01:40,0.0,22.512123107910156,298231.78125,337792.46875,,,,37.040287017822266
2024-10-04T00:01:41,0.0,25.519412994384766,5286039.5,525772.8125,,,,36.80309295654297
2024-10-04T00:01:42,0.0,26.001998901367188,1118251.75,444881.4375,,,,36.11003875732422
2024-10-04T00:01:43,0.0,21.644813537597656,125107.703125,281412.625,,,,38.096378326416016
2024-10-04T00:01:44,0.0,20.315353393554688,651601.875,335544.3125,,,,40.77266311645508
2024-10-04T00:01:45,0.0,22.328353881835938,77628.1796875,393123.71875,,,,43.30084228515625
2024-10-04T00:01:46,0.0,22.68529510498047,57210.3046875,291202.125,,,,44.511444091796875
2024-10-04T00:01:47,0.0,20.961999893188477,385439.75,380389.8125,,,,45.72315216064453
2024-10-04T00:01:48,0.0,21.630313873291016,922553.9375,1775859.875,,,,45.91709899902344
2024-10-04T00:01:49,0.0,22.875686645507812,7596681.5,854916.625,,,,45.511756896972656
2024-10-04T00:01:50,0.0,23.845312118530273,1031228.375,467245.46875,,,,44.16135025024414
2024-10-04T00:01:51,0.0,22.94900131225586,407342.40625,525043.0,,,,40.75212860107422
2024-10-04T00:01:52,0.0,23.658748626708984,723030.875,806547.875,,,,39.423553466796875
2024-10-04T00:01:53,0.0,22.855812072753906,1019878.5625,467002.1875,,,,40.78752517700195
2024-10-04T00:01:54,0.0,21.734819412231445,912672.1875,399482.28125,,,,42.07002258300781
2024-10-04T00:01:55,0.0,21.027626037597656,875191.875,302182.8125,,,,43.816627502441406
2024-10-04T00:01:56,0.0,20.634437561035156,432617.28125,422425.125,,,,44.47699737548828
2024-10-04T00:01:57,0.0,22.847124099731445,7062881.0,611865.0625,,,,43.46757507324219
2024-10-04T00:01:58,0.0,24.5310001373291,57520.68359375,288039.625,,,,41.318294525146484
2024-10-04T00:01:59,0.0,24.781002044677734,36247.17578125,268318.0,,,,36.949256896972656
2024-10-04T00:02:00,0.0,22.77888298034668,178845.125,1021069.75,,,,35.29828643798828
2024-10-04T00:02:01,0.0,20.972999572753906,764093.125,341122.75,,,,35.61383056640625
2024-10-04T00:02:02,0.0,19.61993980407715,39854.27734375,266296.375,,,,34.87055206298828
2024-10-04T00:02:03,0.0,21.710880279541016,2822045.25,425881.25,,,,34.210166931152344
2024-10-04T00:02:04,0.0,22.776060104370117,1673149.75,373175.625,,,,35.221065521240234
2024-10-04T00:02:05,0.0,21.355749130249023,125392.9140625,301167.8125,,,,36.491310119628906
2024-10-04T00:02:06,0.0,21.518625259399414,122926.6640625,357614.75,,,,35.2239875793457
2024-10-04T00:02:07,0.0,21.622238159179688,1352092.625,394457.5,,,,34.31427764892578
2024-10-04T00:02:08,0.0,21.700471878051758,116744.2578125,303390.78125,,,,36.14877700805664
2024-10-04T00:02:09,0.0,21.57770538330078,31499.22265625,259853.90625,,,,37.75589370727539
2024-10-04T00:02:10,0.0,20.62029457092285,7646845.5,621730.0625,,,,36.86918258666992
2024-10-04T00:02:11,0.0,19.77699851989746,35156.65625,156741.140625,,,,34.554534912109375
2024-10-04T00:02:12,0.0,21.006498336791992,119604.7734375,373091.71875,,,,33.26445007324219
2024-10-04T00:02:13,0.0,27.628141403198242,157462.5625,449193.1875,,,,33.132057189941406
2024-10-04T00:02:14,0.0,33.650856018066406,95563.0234375,371816.65625,,,,32.16960525512695
2024-10-04T00:02:15,0.0,41.30778121948242,647306.9375,293332.84375,,,,30.227853775024414
2024-10-04T00:02:16,0.0,42.63166427612305,1361563.375,386656.09375,,,,28.770645141601562
2024-10-04T00:02:17,0.0,28.796249389648438,2697927.25,418239.21875,,,,30.208667755126953
2024-10-04T00:02:18,0.0,31.907060623168945,947283.5625,1265497.0,,,,31.546356201171875
2024-10-04T00:02:19,0.0,34.445377349853516,1141278.5,691137.4375,,,,30.87109375
2024-10-04T00:02:20,0.0,32.154685974121094,1590924.625,598653.0,,,,30.097576141357422
2024-10-04T00:02:21,0.0,34.785335540771484,1294605.5,517392.5625,,,,30.72538185119629
2024-10-04T00:02:22,0.0,38.25700378417969,1926938.75,536636.0,,,,30.431589126586914
2024-10-04T00:02:23,0.0,37.07206344604492,4718516.5,581875.8125,,,,29.390323638916016
2024-10-04T00:02:24,0.0,26.083810806274414,51011.125,306209.34375,,,,29.472454071044922
2024-10-04T00:02:25,0.0,24.237586975097656,91427.4375,270977.21875,,,,30.375484466552734
2024-10-04T00:02:26,0.0,28.591625213623047,245056.40625,377923.5625,,,,30.204614639282227
2024-10-04T00:02:27,0.0,29.34943962097168,967894.375,373620.21875,,,,29.32440185546875
2024-10-04T00:02:28,0.0,25.01564598083496,177410.671875,395506.09375,,,,31.726022720336914
2024-10-04T00:02:29,0.0,21.979116439819336,3319674.25,860151.0625,,,,33.69780349731445
2024-10-04T00:02:30,0.0,21.001176834106445,3316369.0,506026.0,,,,34.93925857543945
2024-10-04T00:02:31,0.0,21.891176223754883,47034.92578125,285002.96875,,,,35.412506103515625
2024-10-04T00:02:32,0.0,22.94129753112793,242732.765625,306771.40625,,,,35.107810974121094
2024-10-04T00:02:33,0.0,21.88625144958496,1248090.625,382361.15625,,,,36.566551208496094
2024-10-04T00:02:34,0.0,21.171398162841797,125543.90625,333103.25,,,,36.66146469116211
2024-10-04T00:02:35,0.0,21.089937210083008,564066.75,331735.90625,,,,36.40129470825195
2024-10-04T00:02:36,0.0,24.798688888549805,5554718.0,655418.75,,,,36.010623931884766
2024-10-04T00:02:37,0.0,24.680124282836914,165817.609375,324697.84375,,,,35.89579391479492
2024-10-04T00:02:38,0.0,21.350122451782227,134175.78125,324068.71875,,,,35.80990219116211
2024-10-04T00:02:39,0.0,21.77617645263672,737467.6875,358537.5,,,,35.09202194213867
2024-10-04T00:02:40,0.0,22.497058868408203,1438143.0,460526.1875,,,,36.168418884277344
2024-10-04T00:02:41,0.0,23.318750381469727,681264.0,307400.53125,,,,36.63294982910156
2024-10-04T00:02:42,0.0,23.82600212097168,232658.046875,534715.0625,,,,36.57020568847656
2024-10-04T00:02:43,0.0,25.17756462097168,118119.9921875,457707.625,,,,38.001708984375
2024-10-04T00:02:44,0.0,22.106185913085938,189691.59375,417484.25,,,,39.56986999511719
2024-10-04T00:02:45,0.0,19.519882202148438,1544292.375,463504.15625,,,,40.90860366821289
2024-10-04T00:02:46,0.0,20.56159019470215,3426838.75,604994.8125,,,,42.13228988647461
2024-10-04T00:02:47,0.0,22.712295532226562,160365.015625,324345.53125,,,,42.250762939453125
2024-10-04T00:02:48,0.0,22.569499969482422,221786.40625,309212.46875,,,,42.302120208740234
2024-10-04T00:02:49,0.0,20.77374839782715,473117.5,415882.03125,,,,42.79362106323242
2024-10-04T00:02:50,0.0,21.727689743041992,1676471.75,392846.90625,,,,43.26588821411133
2024-10-04T00:02:51,0.0,23.810501098632812,135752.84375,377093.09375,,,,43.485897064208984
2024-10-04T00:02:52,0.0,23.266935348510742,86494.9375,330024.625,,,,43.155704498291016
2024-10-04T00:02:53,0.0,22.024765014648438,694350.25,331693.9375,,,,43.20226287841797
2024-10-04T00:02:54,0.0,21.966588973999023,37077.6484375,262538.25,,,,43.204551696777344
2024-10-04T00:02:55,0.0,21.742765426635742,123186.7109375,371397.21875,,,,43.06633758544922
2024-10-04T00:02:56,0.0,20.84324836730957,259610.640625,527718.9375,,,,42.732181549072266
2024-10-04T00:02:57,0.0,21.870534896850586,1332035.5,491010.40625,,,,43.805213928222656
2024-10-04T00:02:58,0.0,24.243799209594727,784175.4375,527274.375,,,,42.63554000854492
2024-10-04T00:02:59,0.0,24.459875106811523,3367464.0,913494.25,,,,40.48259735107422
2024-10-04T00:03:00,0.0,24.190937042236328,39678.1171875,275767.09375,,,,39.79898452758789
2024-10-04T00:03:01,0.0,23.980873107910156,399406.78125,393190.84375,,,,39.04505157470703
2024-10-04T00:03:02,0.0,24.55637550354004,2107906.25,466381.4375,,,,39.307376861572266
2024-10-04T00:03:03,0.0,27.835247039794922,658296.0,290698.8125,,,,37.247215270996094
2024-10-04T00:03:04,0.0,28.94753646850586,743255.8125,331618.4375,,,,34.62203598022461
2024-10-04T00:03:05,0.0,26.103599548339844,2052012.875,426267.125,,,,33.61050033569336
2024-10-04T00:03:06,0.0,24.862812042236328,700415.1875,517879.09375,,,,33.739540100097656
2024-10-04T00:03:07,0.0,25.118375778198242,1013360.625,677942.125,,,,34.99639892578125
2024-10-04T00:03:08,0.0,24.802064895629883,1684692.5,537290.3125,,,,35.071285247802734
2024-10-04T00:03:09,0.0,26.276185989379883,2286684.25,467463.5625,,,,35.668846130371094
2024-10-04T00:03:10,0.0,27.888126373291016,331844.9375,408323.875,,,,37.15869903564453
2024-10-04T00:03:11,0.0,25.58074951171875,1007832.5,342783.6875,,,,37.1470832824707
2024-10-04T00:03:12,0.0,25.533435821533203,117012.6953125,293349.625,,,,37.049312591552734
2024-10-04T00:03:13,0.0,28.003623962402344,78165.046875,339923.1875,,,,37.60334396362305
2024-10-04T00:03:14,0.0,27.002124786376953,3295808.5,741896.875,,,,38.39651107788086
2024-10-04T00:03:15,0.0,27.1408748626709,914366.6875,366120.78125,,,,37.77014923095703
2024-10-04T00:03:16,0.0,26.121688842773438,349972.71875,438799.6875,,,,36.165550231933594
2024-10-04T00:03:17,0.0,24.885377883911133,42773.51171875,258746.609375,,,,35.3156623840332
2024-10-04T00:03:18,0.0,24.464059829711914,1209595.375,1446925.875,,,,34.831275939941406
2024-10-04T00:03:19,0.0,23.808250427246094,1181443.125,541182.6875,,,,35.110618591308594
2024-10-04T00:03:20,0.0,24.507247924804688,2456511.5,432608.90625,,,,36.02915573120117
2024-10-04T00:03:21,0.0,27.067251205444336,712754.875,463042.78125,,,,36.2222900390625
2024-10-04T00:03:22,0.0,28.412797927856445,233538.84375,483368.375,,,,35.97335433959961
2024-10-04T00:03:23,0.0,27.93513298034668,90697.6328125,396865.03125,,,,35.875
2024-10-04T00:03:24,0.0,26.984312057495117,129327.171875,355307.875,,,,34.745826721191406
2024-10-04T00:03:25,0.0,26.7186279296875,1308614.5,408768.46875,,,,33.507102966308594
2024-10-04T00:03:26,0.0,26.610437393188477,113061.65625,412618.84375,,,,34.71013641357422
2024-10-04T00:03:27,0.0,26.736732482910156,1729638.75,415068.3125,,,,34.42866897583008
2024-10-04T00:03:28,0.0,26.952131271362305,267521.09375,454503.15625,,,,33.22140121459961
2024-10-04T00:03:29,0.0,25.909624099731445,1404781.5,386891.0,,,,33.329010009765625
2024-10-04T00:03:30,0.0,28.605562210083008,453228.09375,420722.25,,,,33.77656555175781
2024-10-04T00:03:31,0.0,29.64362335205078,154979.53125,335359.78125,,,,33.16034698486328
2024-10-04T00:03:32,0.0,27.767812728881836,564779.8125,350778.03125,,,,32.67610168457031
2024-10-04T00:03:33,0.0,25.589563369750977,234386.09375,280934.46875,,,,33.3338737487793
2024-10-04T00:03:34,0.0,25.14324951171875,71831.6484375,296117.875,,,,33.56984329223633
2024-10-04T00:03:35,0.0,27.30362319946289,132607.109375,349922.40625,,,,33.79755783081055
2024-10-04T00:03:36,0.0,30.665313720703125,150751.671875,373561.5,,,,33.274269104003906
2024-10-04T00:03:37,0.0,29.627124786376953,3793026.5,620262.0625,,,,33.61761474609375
2024-10-04T00:03:38,0.0,26.211748123168945,117306.296875,327155.71875,,,,34.5720100402832
2024-10-04T00:03:39,0.0,26.614185333251953,169307.28125,305915.75,,,,34.43143081665039
2024-10-04T00:03:40,0.0,27.919750213623047,45961.18359375,272520.71875,,,,34.251373291015625
2024-10-04T00:03:41,0.0,27.995874404907227,108271.765625,306167.40625,,,,33.87347412109375
2024-10-04T00:03:42,0.0,27.4559383392334,113741.1328125,315763.96875,,,,34.546329498291016
2024-10-04T00:03:43,0.0,27.16313362121582,49232.7421875,269920.25,,,,36.05848693847656
2024-10-04T00:03:44,0.0,25.167686462402344,1530140.875,488175.03125,,,,36.615806579589844
2024-10-04T00:03:45,0.0,24.604873657226562,3009815.75,448354.3125,,,,37.625953674316406
2024-10-04T00:03:46,0.0,25.122623443603516,68174.21875,317609.46875,,,,38.75448226928711
2024-10-04T00:03:47,0.0,24.02293586730957,123111.2109375,283224.5625,,,,38.510154724121094
2024-10-04T00:03:48,0.0,23.913063049316406,82267.078125,263628.78125,,,,38.24074172973633
2024-10-04T00:03:49,0.0,24.418502807617188,2493027.25,483334.8125,,,,38.13629913330078
2024-10-04T00:03:50,0.0,24.56756019592285,2718336.75,414254.625,,,,37.84435272216797
2024-10-04T00:03:51,0.0,24.22946548461914,1306920.0,373720.875,,,,37.350242614746094
2024-10-04T00:03:52,0.0,24.502933502197266,291990.65625,403995.375,,,,37.697635650634766
2024-10-04T00:03:53,0.0,24.615936279296875,86905.9765625,326761.4375,,,,38.46412658691406
2024-10-04T00:03:54,0.0,23.16375160217285,36213.62109375,263033.1875,,,,39.03414535522461
2024-10-04T00:03:55,0.0,22.8278751373291,667523.5,324303.59375,,,,39.51966094970703
2024-10-04T00:03:56,0.0,23.917001724243164,318817.4375,517778.4375,,,,39.32277297973633
2024-10-04T00:03:57,0.0,27.138200759887695,167881.21875,323003.34375,,,,39.41572952270508
2024-10-04T00:03:58,0.0,27.415668487548828,1626114.875,423222.0625,,,,38.46170425415039
2024-10-04T00:03:59,0.0,25.87718963623047,688948.0,319438.1875,,,,35.67987823486328
2024-10-04T00:04:00,0.0,27.917251586914062,77116.4765625,303399.1875,,,,33.381431579589844
2024-10-04T00:04:01,0.0,27.862751007080078,92140.46875,285992.8125,,,,33.74825668334961
2024-10-04T00:04:02,0.0,26.65856170654297,1317682.5,366548.625,,,,34.14278793334961
2024-10-04T00:04:03,0.0,27.083311080932617,1537212.375,352925.53125,,,,33.324378967285156
2024-10-04T00:04:04,0.0,25.928936004638672,37505.46484375,169751.875,,,,32.0832633972168
2024-10-04T00:04:05,0.0,26.971750259399414,1920177.5,494281.9375,,,,31.16432762145996
2024-10-04T00:04:06,0.0,29.526063919067383,45952.79296875,318809.0625,,,,30.949153900146484
2024-10-04T00:04:07,0.0,28.42793846130371,86788.5390625,301167.8125,,,,31.76300048828125
2024-10-04T00:04:08,0.0,27.34212303161621,524220.90625,280934.46875,,,,32.607547760009766
2024-10-04T00:04:09,0.0,31.014062881469727,86729.8203125,293777.4375,,,,32.97670364379883
2024-10-04T00:04:10,0.0,30.011558532714844,1812115.5,397519.34375,,,,32.98246383666992
2024-10-04T00:04:11,0.0,27.25293731689453,676306.375,308977.59375,,,,32.00597381591797
2024-10-04T00:04:12,0.0,27.900184631347656,40156.265625,265591.71875,,,,31.46718978881836
2024-10-04T00:04:13,0.0,29.417808532714844,285204.28125,331693.9375,,,,32.664798736572266
2024-10-04T00:04:14,0.0,27.03231430053711,261347.078125,668328.8125,,,,32.99360275268555
2024-10-04T00:04:15,0.0,25.97306251525879,95789.515625,308348.4375,,,,31.09340476989746
2024-10-04T00:04:16,0.0,27.25324821472168,70153.9296875,308323.28125,,,,30.929519653320312
2024-10-04T00:04:17,0.0,24.348188400268555,3210513.25,542440.9375,,,,32.90220260620117
2024-10-04T00:04:18,0.0,24.684873580932617,1196064.5,1227404.375,,,,34.87409591674805
2024-10-04T00:04:19,0.0,26.693620681762695,136767.859375,344721.46875,,,,36.01903533935547
2024-10-04T00:04:20,0.0,25.466251373291016,51447.33203125,267395.28125,,,,35.57607650756836
2024-10-04T00:04:21,0.0,23.76387596130371,1007304.0625,458856.84375,,,,34.71299743652344
2024-10-04T00:04:22,0.0,24.97518539428711,2090197.875,455534.96875,,,,34.984703063964844
2024-10-04T00:04:23,0.0,24.93758773803711,106208.1640625,311125.09375,,,,34.895408630371094
2024-10-04T00:04:24,0.0,23.00087547302246,43989.859375,265289.71875,,,,34.654273986816406
2024-10-04T00:04:25,0.0,26.151399612426758,675811.4375,351440.71875,,,,35.30089569091797
2024-10-04T00:04:26,0.0,28.16226577758789,660854.5625,345140.875,,,,34.62323760986328
2024-10-04T00:04:27,0.0,26.15886688232422,1025750.625,328195.90625,,,,34.24215316772461
2024-10-04T00:04:28,0.0,26.026126861572266,126642.8125,404456.75,,,,35.37400436401367
2024-10-04T00:04:29,0.0,26.14518928527832,2469623.0,470575.75,,,,35.96150588989258
2024-10-04T00:04:30,0.0,23.365251541137695,1548478.375,373511.15625,,,,36.347049713134766
2024-10-04T00:04:31,0.0,23.038236618041992,700113.25,323255.0,,,,36.53062057495117
2024-10-04T00:04:32,0.0,23.6664981842041,154207.78125,279474.875,,,,36.318321228027344
2024-10-04T00:04:33,0.0,24.972686767578125,124579.21875,301914.375,,,,35.79364776611328
2024-10-04T00:04:34,0.0,23.764400482177734,62981.66796875,275347.65625,,,,35.43755340576172
2024-10-04T00:04:35,0.0,22.98587417602539,899703.375,335124.875,,,,35.53403091430664
2024-10-04T00:04:36,0.0,24.425935745239258,118522.640625,338790.71875,,,,35.57115936279297
2024-10-04T00:04:37,0.0,23.428356170654297,398517.59375,454301.84375,,,,35.71547317504883
2024-10-04T00:04:38,0.0,23.044126510620117,1198606.25,579946.4375,,,,36.329063415527344
2024-10-04T00:04:39,0.0,24.907814025878906,1314620.75,418776.09375,,,,36.348670959472656
2024-10-04T00:04:40,0.0,25.27768325805664,118178.7109375,321711.5,,,,35.66131591796875
2024-10-04T00:04:41,0.0,25.734939575195312,642433.125,379458.6875,,,,36.00274658203125
2024-10-04T00:04:42,0.0,29.47673225402832,44476.3984375,301369.125,,,,36.37765884399414
2024-10-04T00:04:43,0.0,31.367530822753906,675232.625,242279.78125,,,,35.51512908935547
2024-10-04T00:04:44,0.0,31.003999710083008,91117.0625,486379.875,,,,34.06874465942383
2024-10-04T00:04:45,0.0,27.850866317749023,3572632.75,474560.34375,,,,33.96809005737305
2024-10-04T00:04:46,0.0,27.643266677856445,168468.421875,338681.65625,,,,33.362998962402344
2024-10-04T00:04:47,0.0,29.39446449279785,1454492.375,332952.25,,,,32.39191436767578
2024-10-04T00:04:48,0.0,26.709936141967773,634984.0625,513483.46875,,,,33.04046630859375
2024-10-04T00:04:49,0.0,28.34856414794922,82778.78125,314530.84375,,,,33.268104553222656
2024-10-04T00:04:50,0.0,31.207813262939453,96745.8125,302300.28125,,,,32.87096405029297
2024-10-04T00:04:51,0.0,27.934688568115234,2458088.75,494156.125,,,,31.892818450927734
2024-10-04T00:04:52,0.0,25.16518783569336,189993.578125,426174.84375,,,,32.4647331237793
2024-10-04T00:04:53,0.0,25.45599937438965,69440.8984375,286395.46875,,,,34.559783935546875
2024-10-04T00:04:54,0.0,26.26412582397461,95445.578125,318364.4375,,,,35.176090240478516
2024-10-04T00:04:55,0.0,28.213687896728516,48167.38671875,192845.703125,,,,34.22145462036133
2024-10-04T00:04:56,0.0,28.185184478759766,393526.375,531795.8125,,,,34.01239013671875
2024-10-04T00:04:57,0.0,28.2110652923584,92325.0234375,280791.875,,,,35.29589080810547
2024-10-04T00:04:58,0.0,27.224397659301758,50365.203125,276404.625,,,,35.07224655151367
2024-10-04T00:04:59,0.0,21.589826583862305,1930923.375,516738.25,,,,34.82462692260742
2024-10-04T00:05:00,0.0,20.296646118164062,2743662.0,424220.28125,,,,35.79340362548828
2024-10-04T00:05:01,0.0,23.518644332885742,69256.34375,337641.46875,,,,35.65507507324219
2024-10-04T00:05:02,0.0,22.633939743041992,52823.06640625,272462.0,,,,33.927398681640625
2024-10-04T00:05:03,0.0,20.295942306518555,101242.109375,272235.5,,,,32.74348068237305
2024-10-04T00:05:04,0.0,18.867294311523438,88608.8671875,273233.75,,,,33.72005844116211
2024-10-04T00:05:05,0.0,20.44735336303711,6043723.5,622703.125,,,,34.839500427246094
2024-10-04T00:05:06,0.0,22.893056869506836,141666.8125,336903.28125,,,,34.36026382446289
2024-10-04T00:05:07,0.0,24.221561431884766,47429.19140625,279214.8125,,,,32.84717559814453
2024-10-04T00:05:08,0.0,22.289621353149414,57352.9140625,291890.0,,,,32.99634552001953
2024-10-04T00:05:09,0.0,21.29888343811035,747475.3125,320881.03125,,,,33.55819320678711
2024-10-04T00:05:10,0.0,22.33887481689453,41104.1796875,275179.90625,,,,32.6248664855957
2024-10-04T00:05:11,0.0,22.45168685913086,443136.59375,319270.40625,,,,32.12985610961914
2024-10-04T00:05:12,0.0,26.705001831054688,4663554.5,657289.375,,,,33.3350944519043
2024-10-04T00:05:13,0.0,29.081266403198242,1645106.75,385037.09375,,,,35.55518341064453
2024-10-04T00:05:14,0.0,22.50923728942871,43813.69921875,263578.4375,,,,36.16294860839844
2024-10-04T00:05:15,0.0,20.80587387084961,91528.1015625,298022.0625,,,,35.50518798828125
2024-10-04T00:05:16,0.0,21.58618927001953,268427.0625,446634.65625,,,,36.45215606689453
2024-10-04T00:05:17,0.0,21.596649169921875,2724729.0,496764.96875,,,,37.36390686035156
2024-10-04T00:05:18,0.0,24.807470321655273,3202032.25,1159330.75,,,,35.97576141357422
2024-10-04T00:05:19,0.0,25.600767135620117,90513.078125,296428.25,,,,35.06377029418945
2024-10-04T00:05:20,0.0,22.527938842773438,55180.26171875,258612.390625,,,,35.726715087890625
2024-10-04T00:05:21,0.0,23.526294708251953,44275.07421875,282259.875,,,,35.6221923828125
2024-10-04T00:05:22,0.0,25.543249130249023,223808.0625,507611.4375,,,,34.887638092041016
2024-10-04T00:05:23,0.0,23.97018814086914,380314.3125,414078.46875,,,,35.00810241699219
2024-10-04T00:05:24,0.0,21.629060745239258,271707.0,300203.125,,,,36.33510971069336
2024-10-04T00:05:25,0.0,21.14068603515625,1626853.125,354569.6875,,,,37.550048828125
2024-10-04T00:05:26,0.0,19.810062408447266,395975.84375,336903.28125,,,,37.49100112915039
2024-10-04T00:05:27,0.0,23.61949920654297,32170.3125,261422.578125,,,,36.44535827636719
2024-10-04T00:05:28,0.0,29.074068069458008,50457.4765625,303525.0,,,,35.690643310546875
2024-10-04T00:05:29,0.0,28.201688766479492,659311.0625,315545.875,,,,34.523555755615234
2024-10-04T00:05:30,0.0,26.85193634033203,2280241.75,441433.71875,,,,33.789329528808594
2024-10-04T00:05:31,0.0,29.910310745239258,1759770.625,392477.8125,,,,34.06398010253906
2024-10-04T00:05:32,0.0,30.64025115966797,621470.0,307526.375,,,,34.154808044433594
2024-10-04T00:05:33,0.0,27.946062088012695,169005.28125,339948.34375,,,,33.923194885253906
2024-10-04T00:05:34,0.0,27.100500106811523,3380298.75,487143.25,,,,33.49114227294922
2024-10-04T00:05:35,0.0,26.648250579833984,661290.75,310068.125,,,,33.428550720214844
2024-10-04T00:05:36,0.0,26.852876663208008,295597.78125,380507.25,,,,33.92383575439453
2024-10-04T00:05:37,0.0,26.517127990722656,413306.71875,461398.59375,,,,33.69487380981445
2024-10-04T00:05:38,0.0,26.93039894104004,62084.0859375,275280.5625,,,,33.22461700439453
2024-10-04T00:05:39,0.0,28.93793296813965,734573.625,373158.84375,,,,32.773841857910156
2024-10-04T00:05:40,0.0,28.579872131347656,2640037.5,489081.0,,,,32.77878952026367
2024-10-04T00:05:41,0.0,27.120750427246094,2126185.0,388811.96875,,,,33.36405944824219
2024-10-04T00:05:42,0.0,28.928131103515625,53007.61328125,273275.6875,,,,34.38993453979492
2024-10-04T00:05:43,0.0,27.991933822631836,1158559.0,471859.1875,,,,36.612205505371094
2024-10-04T00:05:44,0.0,24.787874221801758,2844551.75,512627.84375,,,,38.44822311401367
2024-10-04T00:05:45,0.0,28.04393768310547,3036097.25,388384.15625,,,,37.74129104614258
2024-10-04T00:05:46,0.0,31.11199951171875,60674.80078125,285179.125,,,,34.95309829711914
2024-10-04T00:05:47,0.0,27.191686630249023,2746623.25,458437.4375,,,,34.1986198425293
2024-10-04T00:05:48,0.0,26.105932235717773,3771627.25,529799.3125,,,,35.74701690673828
2024-10-04T00:05:49,0.0,28.1633358001709,67301.8046875,295270.625,,,,37.17505645751953
2024-10-04T00:05:50,0.0,28.365062713623047,70934.0703125,279651.03125,,,,35.96635055541992
2024-10-04T00:05:51,0.0,28.82518768310547,705339.3125,332583.15625,,,,35.05622100830078
2024-10-04T00:05:52,0.0,27.007246017456055,1805824.0,422047.65625,,,,35.409950256347656
2024-10-04T00:05:53,0.0,28.72774887084961,61161.33984375,286655.5,,,,35.134498596191406
2024-10-04T00:05:54,0.0,29.606128692626953,51195.67578125,297778.8125,,,,35.65509033203125
2024-10-04T00:05:55,0.0,26.922439575195312,971157.5625,347078.65625,,,,35.39214324951172
2024-10-04T00:05:56,0.0,26.23770523071289,1516089.875,397913.625,,,,35.80200958251953
2024-10-04T00:05:57,0.0,31.919248580932617,1310820.625,354578.0625,,,,37.00508117675781
2024-10-04T00:05:58,0.0,37.0919303894043,47991.2265625,275733.53125,,,,36.08173370361328
2024-10-04T00:05:59,0.0,34.73786163330078,42605.73828125,296201.75,,,,34.5530891418457
2024-10-04T00:06:00,0.0,32.998600006103516,943282.1875,386521.90625,,,,33.11868667602539
2024-10-04T00:06:01,0.0,32.68546676635742,3846168.5,532106.1875,,,,32.40837478637695
2024-10-04T00:06:02,0.0,32.7657356262207,125074.1484375,290698.8125,,,,32.26715850830078
2024-10-04T00:06:03,0.0,33.06006622314453,185363.078125,353982.46875,,,,32.11421203613281
2024-10-04T00:06:04,0.0,34.532535552978516,714726.1875,358814.3125,,,,32.73719024658203
2024-10-04T00:06:05,0.0,35.61673355102539,3347734.0,482361.75,,,,32.95643997192383
2024-10-04T00:06:06,0.0,34.20026397705078,74054.6328125,328967.65625,,,,32.54641342163086
2024-10-04T00:06:07,0.0,34.57379913330078,498501.40625,374643.625,,,,32.20146942138672
2024-10-04T00:06:08,0.0,34.19673156738281,2034581.375,581749.9375,,,,32.634517669677734
2024-10-04T00:06:09,0.0,33.7072639465332,1007396.3125,215461.390625,,,,32.42564392089844
2024-10-04T00:06:10,0.0,33.0894660949707,101158.2265625,403190.0625,,,,31.22671127319336
2024-10-04T00:06:11,0.0,32.13168716430664,128110.8203125,336752.28125,,,,31.16009521484375
2024-10-04T00:06:12,0.0,27.51246452331543,41909.484375,278459.84375,,,,31.873565673828125
2024-10-04T00:06:13,0.0,29.931934356689453,149635.984375,193600.6875,,,,33.12627029418945
2024-10-04T00:06:14,0.0625,30.90482521057129,3175532.75,757977.8125,,,,33.93159103393555
2024-10-04T00:06:15,0.0625,29.560876846313477,2306649.0,754580.4375,,,,33.37922286987305
2024-10-04T00:06:16,0.0,27.38112449645996,83332.4296875,434680.875,,,,34.119651794433594
2024-10-04T00:06:17,0.0,22.93006134033203,669251.5625,307249.53125,,,,35.71946334838867
2024-10-04T00:06:18,0.0,27.16899871826172,1240348.0,1429569.75,,,,35.409061431884766
2024-10-04T00:06:19,0.0,27.15437126159668,2705603.0,688243.3125,,,,34.953678131103516
2024-10-04T00:06:20,0.0,22.469377517700195,200252.84375,327986.1875,,,,35.89401626586914
2024-10-04T00:06:21,0.0,29.06743812561035,130400.9140625,390129.0,,,,34.77900314331055
2024-10-04T00:06:22,0.0,30.26493263244629,513248.59375,1220760.625,,,,33.597591400146484
2024-10-04T00:06:23,0.0,24.86625099182129,1740720.0,562078.6875,,,,34.54416275024414
2024-10-04T00:06:24,0.0,26.384374618530273,98993.9609375,304087.03125,,,,35.46228790283203
2024-10-04T00:06:25,0.0,28.997997283935547,61270.39453125,188643.015625,,,,35.20823669433594
2024-10-04T00:06:26,0.0,26.94049835205078,169097.5625,509079.46875,,,,33.8222541809082
2024-10-04T00:06:27,0.0,23.574438095092773,717469.25,335762.4375,,,,33.88542556762695
2024-10-04T00:06:28,0.0,25.291399002075195,122230.40625,358084.5,,,,35.614078521728516
2024-10-04T00:06:29,0.0,26.174686431884766,3581843.25,565534.8125,,,,36.84110641479492
2024-10-04T00:06:30,0.0,32.967376708984375,3395666.5,775979.8125,,,,35.71821212768555
2024-10-04T00:06:31,0.0,32.880794525146484,957828.0625,481967.46875,,,,33.714080810546875
2024-10-04T00:06:32,0.0,25.625686645507812,628734.5625,957475.6875,,,,32.92898178100586
2024-10-04T00:06:33,0.0,30.669750213623047,133697.640625,195966.265625,,,,33.663516998291016
2024-10-04T00:06:34,0.0,30.363126754760742,4981365.0,1326255.75,,,,34.62956237792969
2024-10-04T00:06:35,0.0,26.974000930786133,1915144.375,529413.4375,,,,35.64435577392578
2024-10-04T00:06:36,0.0,26.574813842773438,108062.046875,304221.25,,,,35.34107971191406
2024-10-04T00:06:37,0.0,27.65162467956543,221450.859375,381455.15625,,,,34.19557571411133
2024-10-04T00:06:38,0.0,31.305200576782227,225620.0,449797.15625,,,,33.15489959716797
2024-10-04T00:06:39,0.0,29.337812423706055,3389291.25,463831.3125,,,,32.46398162841797
2024-10-04T00:06:40,0.0,22.46437644958496,1523245.375,494432.9375,,,,34.21650695800781
2024-10-04T00:06:41,0.0,25.228248596191406,144695.09375,1481587.5,,,,35.19502639770508
2024-10-04T00:06:42,0.0,27.915874481201172,170909.5,1152905.125,,,,33.891151428222656
2024-10-04T00:06:43,0.0,27.597562789916992,3107836.75,1980885.875,,,,35.44472122192383
2024-10-04T00:06:44,0.0,21.579648971557617,156850.1875,1582586.375,,,,36.920475006103516
2024-10-04T00:06:45,0.0,25.229873657226562,1757228.875,1844378.125,,,,35.94575119018555
2024-10-04T00:06:46,0.0,28.790937423706055,141893.296875,1160387.75,,,,35.21234893798828
2024-10-04T00:06:47,0.0,27.76768684387207,139787.765625,1555700.875,,,,34.497615814208984
2024-10-04T00:06:48,0.0,27.64893913269043,195563.625,1530132.375,,,,34.82249450683594
2024-10-04T00:06:49,0.0,27.812997817993164,6913865.5,1605906.75,,,,36.32566833496094
2024-10-04T00:06:50,0.0,28.277734756469727,2119524.5,1862614.875,,,,35.84589385986328
2024-10-04T00:06:51,0.0,28.72266387939453,949254.875,1970475.625,,,,33.253990173339844
2024-10-04T00:06:52,0.0,24.547731399536133,7738180.5,2027727.875,,,,34.13792037963867
2024-10-04T00:06:53,0.0,24.14175033569336,1225928.0,1307658.125,,,,36.13896942138672
2024-10-04T00:06:54,0.0,25.264625549316406,1027512.1875,1710495.875,,,,36.76355743408203
2024-10-04T00:06:55,0.0,27.44731330871582,907756.4375,1059690.875,,,,35.8275032043457
2024-10-04T00:06:56,0.0,30.263999938964844,2136209.25,1281074.625,,,,33.625389099121094
2024-10-04T00:06:57,0.0,29.743314743041992,2130027.0,1513195.875,,,,34.616092681884766
2024-10-04T00:06:58,0.0,31.331750869750977,6294157.0,1703952.75,,,,36.39389419555664
2024-10-04T00:06:59,0.0,31.386688232421875,501202.5625,1439736.75,,,,35.02350616455078
2024-10-04T00:07:00,0.0,26.114500045776367,1562067.875,1738253.75,,,,33.5697135925293
2024-10-04T00:07:01,0.0,29.998374938964844,2723143.5,1634897.75,,,,33.70174026489258
2024-10-04T00:07:02,0.0,46.801002502441406,147807.265625,1259063.0,,,,33.39733123779297
2024-10-04T00:07:03,0.0,51.88738250732422,273116.3125,1628245.625,,,,32.142452239990234
2024-10-04T00:07:04,0.0,52.953792572021484,262454.375,1231355.375,,,,30.93606185913086
2024-10-04T00:07:05,0.0,40.06173324584961,208834.390625,2182355.0,,,,30.501026153564453
2024-10-04T00:07:06,0.0,32.59819793701172,284600.3125,1789323.625,,,,31.0727481842041
2024-10-04T00:07:07,0.0,34.61299514770508,162151.796875,1472511.125,,,,31.87787437438965
2024-10-04T00:07:08,0.0,31.860198974609375,1788921.0,403768.875,,,,32.61724090576172
2024-10-04T00:07:09,0.0,26.050439834594727,788663.375,375885.125,,,,33.932987213134766
2024-10-04T00:07:10,0.0,29.76531410217285,39485.1796875,193072.203125,,,,34.583168029785156
2024-10-04T00:07:11,0.0,33.260311126708984,158066.546875,1031983.3125,,,,33.26340103149414
2024-10-04T00:07:12,0.0,36.17182540893555,45021.66015625,397032.8125,,,,31.72500991821289
2024-10-04T00:07:13,0.0,41.358062744140625,1110123.25,298139.53125,,,,31.960491180419922
2024-10-04T00:07:14,0.0,38.3924674987793,3542643.5,455451.09375,,,,31.65401268005371
2024-10-04T00:07:15,0.0,35.18872833251953,3023288.0,1722097.375,,,,31.350048065185547
2024-10-04T00:07:16,0.0,33.2248649597168,53569.65234375,283593.65625,,,,30.9613094329834
2024-10-04T00:07:17,0.0,39.04171371459961,59215.18359375,389197.84375,,,,29.046707153320312
2024-10-04T00:07:18,0.0,42.369571685791016,743717.1875,988664.5625,,,,29.269771575927734
2024-10-04T00:07:19,0.0,44.23357009887695,768128.0625,515781.9375,,,,28.769908905029297
2024-10-04T00:07:20,0.0,30.755815505981445,47303.359375,265382.0,,,,28.8114070892334
2024-10-04T00:07:21,0.0,22.036880493164062,36976.984375,264761.25,,,,31.815303802490234
2024-10-04T00:07:22,0.0,27.167938232421875,176143.984375,397846.5,,,,33.642356872558594
2024-10-04T00:07:23,0.0,31.859066009521484,829088.0625,507905.0625,,,,33.913230895996094
2024-10-04T00:07:24,0.0,30.114065170288086,2418679.0,447632.90625,,,,33.8482666015625
2024-10-04T00:07:25,0.0,44.05928421020508,1184832.125,386966.5,,,,32.70692443847656
2024-10-04T00:07:26,0.0,50.61585235595703,224001.0,301796.9375,,,,30.417455673217773
2024-10-04T00:07:27,0.0,41.638145446777344,1031874.3125,255961.59375,,,,30.1243839263916
2024-10-04T00:07:28,0.0,44.78635787963867,127431.34375,411578.65625,,,,29.805370330810547
2024-10-04T00:07:29,0.0,37.23881530761719,38721.81640625,372168.96875,,,,29.42630958557129
2024-10-04T00:07:30,0.0,31.455249786376953,503769.46875,309204.09375,,,,30.555837631225586
2024-10-04T00:07:31,0.0,42.17506790161133,1390386.625,246121.765625,,,,30.5856990814209
2024-10-04T00:07:32,0.0,50.95499801635742,42639.29296875,372806.53125,,,,29.258403778076172
2024-10-04T00:07:33,0.0,50.5203971862793,31599.88671875,151691.203125,,,,27.8524112701416
2024-10-04T00:07:34,0.0,47.24199676513672,42194.69921875,291797.71875,,,,27.294586181640625
2024-10-04T00:07:35,0.0,41.10133361816406,1377476.5,531787.4375,,,,28.19487953186035
2024-10-04T00:07:36,0.0,40.99653244018555,276236.875,363797.15625,,,,28.699962615966797
2024-10-04T00:07:37,0.0,43.09185791015625,1845250.5,583788.375,,,,28.983545303344727
2024-10-04T00:07:38,0.0,30.89933204650879,1030095.875,383074.1875,,,,29.835195541381836
2024-10-04T00:07:39,0.0,27.598312377929688,635948.75,325779.96875,,,,30.108020782470703
2024-10-04T00:07:40,0.0,26.46181297302246,770283.9375,320319.0,,,,30.804363250732422
2024-10-04T00:07:41,0.0,25.579750061035156,1185369.0,458848.46875,,,,32.266422271728516
2024-10-04T00:07:42,0.0,35.541603088378906,304464.53125,353856.65625,,,,33.25079345703125
2024-10-04T00:07:43,0.0,41.72478485107422,225536.109375,336064.40625,,,,32.08646011352539
2024-10-04T00:07:44,0.0,37.265357971191406,273359.5625,422131.53125,,,,31.630279541015625
2024-10-04T00:07:45,0.0714285746216774,33.7130012512207,1792175.75,417576.53125,,,,32.90407180786133
2024-10-04T00:07:46,0.06666667014360428,29.60186767578125,443430.21875,327910.6875,,,,33.374176025390625
2024-10-04T00:07:47,0.0,30.18121337890625,214177.9375,300077.28125,,,,34.02777862548828
2024-10-04T00:07:48,0.0,39.34506607055664,636678.5625,351725.9375,,,,32.904579162597656
2024-10-04T00:07:49,0.0,40.65620040893555,2472265.5,632643.625,,,,31.034244537353516
2024-10-04T00:07:50,0.0,35.993934631347656,2073152.25,419514.28125,,,,31.84823989868164
2024-10-04T00:07:51,0.0,38.99406433105469,131541.765625,303642.4375,,,,31.6884708404541
2024-10-04T00:07:52,0.0,44.5595703125,144082.734375,493283.71875,,,,28.704727172851562
2024-10-04T00:07:53,0.0,35.379600524902344,1030154.625,249611.421875,,,,27.814647674560547
2024-10-04T00:07:54,0.0,28.285404205322266,82636.1796875,387100.71875,,,,29.753177642822266
2024-10-04T00:07:55,0.0,28.504932403564453,55549.36328125,301025.1875,,,,31.584674835205078
2024-10-04T00:07:56,0.0,33.48530960083008,1470120.375,479987.75,,,,31.360675811767578
2024-10-04T00:07:57,0.0,35.86539840698242,2481383.75,406268.6875,,,,30.930835723876953
2024-10-04T00:07:58,0.0,28.498268127441406,79876.328125,312190.4375,,,,33.901023864746094
2024-10-04T00:07:59,0.0,30.671188354492188,53661.92578125,279181.25,,,,36.077659606933594
2024-10-04T00:08:00,0.0,36.480934143066406,40030.4375,271597.96875,,,,34.88904571533203
2024-10-04T00:08:01,0.0,33.92959976196289,2066005.125,479367.0,,,,33.213226318359375
2024-10-04T00:08:02,0.0,26.81887435913086,1080704.375,401738.8125,,,,33.65379333496094
2024-10-04T00:08:03,0.0,23.948749542236328,23823.646484375,257664.484375,,,,36.129234313964844
2024-10-04T00:08:04,0.0,21.792560577392578,52462.35546875,285313.34375,,,,37.30241394042969
2024-10-04T00:08:05,0.0,22.0290584564209,1541381.5,442809.4375,,,,37.150245666503906
2024-10-04T00:08:06,0.0,31.041067123413086,83332.4296875,335242.34375,,,,36.170204162597656
2024-10-04T00:08:07,0.0,33.43852996826172,1380320.25,417006.09375,,,,34.95378112792969
2024-10-04T00:08:08,0.0,35.18546676635742,50298.09375,177343.5625,,,,35.58818054199219
2024-10-04T00:08:09,0.0,33.9378662109375,2621196.75,578973.3125,,,,35.4828987121582
2024-10-04T00:08:10,0.0,30.07256507873535,211107.703125,328170.71875,,,,33.817649841308594
2024-10-04T00:08:11,0.0,33.27613067626953,686079.0625,429555.4375,,,,32.98247528076172
2024-10-04T00:08:12,0.0,32.30473327636719,47957.671875,273275.6875,,,,33.75840377807617
2024-10-04T00:08:13,0.0,36.81840133666992,47412.4140625,308382.0,,,,33.52051544189453
2024-10-04T00:08:14,0.0,35.21113204956055,1349366.375,396999.25,,,,31.599727630615234
2024-10-04T00:08:15,0.0,39.857337951660156,1468409.0,352313.15625,,,,30.411895751953125
2024-10-04T00:08:16,0.0,39.933998107910156,368545.09375,309430.59375,,,,29.15604019165039
2024-10-04T00:08:17,0.0,27.52699851989746,49157.2421875,263905.59375,,,,30.1024227142334
2024-10-04T00:08:18,0.0,28.122066497802734,1329426.625,1485823.75,,,,32.4080810546875
2024-10-04T00:08:19,0.0,29.829797744750977,2247224.25,469007.0625,,,,34.08048629760742
2024-10-04T00:08:20,0.0,40.183570861816406,1845351.125,568001.0625,,,,33.83292770385742
2024-10-04T00:08:21,0.0,47.4312858581543,87476.40625,316812.5625,,,,31.131011962890625
2024-10-04T00:08:22,0.0,40.55020523071289,151523.421875,521326.8125,,,,28.875751495361328
2024-10-04T00:08:23,0.0,43.45426940917969,431266.71875,346667.625,,,,28.939041137695312
2024-10-04T00:08:24,0.0,38.2053337097168,95965.671875,385070.65625,,,,29.645862579345703
2024-10-04T00:08:25,0.0,28.453813552856445,2221555.0,519867.21875,,,,31.249496459960938
2024-10-04T00:08:26,0.0,30.175668716430664,611445.625,347129.0,,,,33.608970642089844
2024-10-04T00:08:27,0.0,27.647001266479492,1481537.25,359779.0,,,,33.263309478759766
2024-10-04T00:08:28,0.0,22.714664459228516,1694675.0,679301.0625,,,,34.22731399536133
2024-10-04T00:08:29,0.06666667014360428,20.260560989379883,689157.6875,315772.375,,,,36.997398376464844
2024-10-04T00:08:30,0.0625,20.874177932739258,121609.6484375,320386.09375,,,,37.783119201660156
2024-10-04T00:08:31,0.0,23.557498931884766,126844.140625,319354.3125,,,,38.005577087402344
2024-10-04T00:08:32,0.0,23.73637580871582,41498.4453125,273116.3125,,,,37.59877395629883
2024-10-04T00:08:33,0.0,21.817705154418945,1298699.125,369467.84375,,,,37.60346221923828
2024-10-04T00:08:34,0.0,21.172351837158203,1809808.625,446492.0625,,,,38.50701904296875
2024-10-04T00:08:35,0.0,21.572189331054688,186931.734375,323691.21875,,,,38.72883224487305
2024-10-04T00:08:36,0.0,22.794939041137695,1859108.5,677203.9375,,,,38.68696594238281
2024-10-04T00:08:37,0.0,22.03856086730957,940539.125,1532296.75,,,,39.60956954956055
2024-10-04T00:08:38,0.05882352963089943,20.217294692993164,236927.84375,933702.375,,,,40.04310989379883
2024-10-04T00:08:39,0.05882352963089943,21.336410522460938,3890636.5,499273.15625,,,,38.78774642944336
2024-10-04T00:08:40,0.0,22.124351501464844,71647.1015625,310193.9375,,,,37.89777755737305
2024-10-04T00:08:41,0.0,23.438648223876953,712981.375,340275.5,,,,37.04518127441406
2024-10-04T00:08:42,0.0,24.358247756958008,60230.20703125,274013.875,,,,36.44683837890625
2024-10-04T00:08:43,0.0,23.399188995361328,44501.56640625,280406.0,,,,37.08580780029297
2024-10-04T00:08:44,0.0,21.041532516479492,103574.140625,335812.75,,,,36.784690856933594
2024-10-04T00:08:45,0.0,20.07335662841797,443715.40625,307333.4375,,,,36.64161682128906
2024-10-04T00:08:46,0.0,19.780118942260742,2746539.25,460601.6875,,,,37.16615295410156
2024-10-04T00:08:47,0.0,21.486936569213867,718660.4375,378888.25,,,,37.6937255859375
2024-10-04T00:08:48,0.0,23.204498291015625,105990.0625,269970.5625,,,,37.9240837097168
2024-10-04T00:08:49,0.0,23.112627029418945,77477.1796875,298164.6875,,,,37.94094467163086
2024-10-04T00:08:50,0.0,23.519800186157227,119915.1484375,283140.6875,,,,37.99497985839844
2024-10-04T00:08:51,0.0,22.623559951782227,38654.70703125,275616.09375,,,,37.048484802246094
2024-10-04T00:08:52,0.0,23.821813583374023,283895.65625,482672.125,,,,36.17865753173828
2024-10-04T00:08:53,0.0,22.363882064819336,156170.71875,442381.625,,,,36.21921157836914
2024-10-04T00:08:54,0.0,21.30447006225586,524338.3125,369962.78125,,,,36.71918487548828
2024-10-04T00:08:55,0.0,21.598352432250977,4153174.75,523684.03125,,,,37.99427032470703
2024-10-04T00:08:56,0.0,21.94793701171875,268527.71875,329873.625,,,,38.22023391723633
2024-10-04T00:08:57,0.0,26.265466690063477,46749.7109375,279290.3125,,,,37.981571197509766
2024-10-04T00:08:58,0.0,25.915199279785156,912277.875,351684.0,,,,37.2939453125
2024-10-04T00:08:59,0.0,22.5987491607666,687731.625,335829.53125,,,,34.43303298950195
2024-10-04T00:09:00,0.0,23.227500915527344,30601.642578125,259358.984375,,,,32.45228576660156
2024-10-04T00:09:01,0.0,24.26275062561035,2530163.5,393450.875,,,,32.81569290161133
2024-10-04T00:09:02,0.0,25.18724822998047,46640.66015625,257949.703125,,,,33.7685661315918
2024-10-04T00:09:03,0.0,23.971750259399414,1882093.25,597621.1875,,,,33.316001892089844
2024-10-04T00:09:04,0.0,21.61670684814453,42043.703125,278241.75,,,,33.287071228027344
2024-10-04T00:09:05,0.0,22.436473846435547,89238.015625,317332.65625,,,,33.00448226928711
2024-10-04T00:09:06,0.0,23.996822357177734,199137.171875,371002.96875,,,,31.745391845703125
2024-10-04T00:09:07,0.0,22.57181167602539,1052023.75,415470.96875,,,,32.57573318481445
2024-10-04T00:09:08,0.0,21.308815002441406,1554551.625,388719.71875,,,,34.19401168823242
2024-10-04T00:09:09,0.0,22.819061279296875,1769937.625,419497.5,,,,34.179405212402344
2024-10-04T00:09:10,0.0,24.818313598632812,94589.9453125,296310.8125,,,,33.825355529785156
2024-10-04T00:09:11,0.0,24.734874725341797,1111071.125,328372.0625,,,,33.58143997192383
2024-10-04T00:09:12,0.0,27.503469467163086,35819.35546875,264819.96875,,,,33.88928985595703
2024-10-04T00:09:13,0.0,27.641189575195312,46976.203125,309388.625,,,,33.75334930419922
2024-10-04T00:09:14,0.0,23.217647552490234,59324.234375,262286.59375,,,,34.519325256347656
2024-10-04T00:09:15,0.0,24.53752899169922,750033.8125,355895.09375,,,,35.07156753540039
2024-10-04T00:09:16,0.0,25.660688400268555,77930.171875,281832.0625,,,,33.99120330810547
2024-10-04T00:09:17,0.0,25.188932418823242,232330.890625,298089.1875,,,,32.747379302978516
2024-10-04T00:09:18,0.0,25.7319393157959,4788804.5,1426524.75,,,,31.586902618408203
2024-10-04T00:09:19,0.0,23.904998779296875,113573.3671875,185304.34375,,,,31.683658599853516
2024-10-04T00:09:20,0.0,22.869749069213867,117180.46875,454385.71875,,,,32.583778381347656
2024-10-04T00:09:21,0.0,22.64081382751465,1310795.5,381908.15625,,,,33.086219787597656
2024-10-04T00:09:22,0.0,25.09406089782715,280934.46875,414984.4375,,,,33.038055419921875
2024-10-04T00:09:23,0.0,25.36168670654297,83743.4765625,286286.40625,,,,32.636329650878906
2024-10-04T00:09:24,0.0,24.036998748779297,112508.0078125,391781.5625,,,,31.498001098632812
2024-10-04T00:09:25,0.0,25.095312118530273,1310485.125,525563.0625,,,,31.476171493530273
2024-10-04T00:09:26,0.0,27.590810775756836,3679713.25,462044.53125,,,,31.831289291381836
2024-10-04T00:09:27,0.0,29.480998992919922,1502802.375,521821.75,,,,32.48686218261719
2024-10-04T00:09:28,0.0,29.282934188842773,1102883.875,465693.5625,,,,33.582542419433594
2024-10-04T00:09:29,0.0,26.113937377929688,728726.75,363813.9375,,,,34.00592803955078
2024-10-04T00:09:30,0.0,23.77181053161621,79675.0,306117.09375,,,,35.04254913330078
2024-10-04T00:09:31,0.0,24.7081241607666,43713.03515625,278375.96875,,,,35.64324951171875
2024-10-04T00:09:32,0.0,26.375749588012695,45936.015625,263528.125,,,,34.380943298339844
2024-10-04T00:09:33,0.0,26.919811248779297,1509437.75,379148.3125,,,,33.57843780517578
2024-10-04T00:09:34,0.0,26.187435150146484,1008411.375,320704.875,,,,34.3520622253418
2024-10-04T00:09:35,0.0,25.625123977661133,43847.25390625,149820.53125,,,,34.97003173828125
2024-10-04T00:09:36,0.0,27.73743438720703,1786605.75,570073.0,,,,34.73434829711914
2024-10-04T00:09:37,0.0,28.67706298828125,110670.90625,297569.09375,,,,33.720096588134766
2024-10-04T00:09:38,0.0,26.25762367248535,111769.8125,345543.53125,,,,34.15391159057617
2024-10-04T00:09:39,0.0,26.763687133789062,867935.6875,329647.125,,,,35.0497932434082
2024-10-04T00:09:40,0.0,27.50231170654297,77233.9140625,320319.0,,,,35.230770111083984
2024-10-04T00:09:41,0.0,25.8258113861084,1734629.875,381430.0,,,,35.26062774658203
2024-10-04T00:09:42,0.0,26.668439865112305,93851.75,285204.28125,,,,34.77839660644531
2024-10-04T00:09:43,0.0,24.485876083374023,225083.125,364132.6875,,,,34.672332763671875
2024-10-04T00:09:44,0.0,23.608121871948242,2029640.5,426711.71875,,,,33.44147872924805
2024-10-04T00:09:45,0.0,25.38312530517578,42001.76171875,275498.65625,,,,32.35191345214844
2024-10-04T00:09:46,0.0,24.81487464904785,62805.5078125,191956.515625,,,,32.2469367980957
2024-10-04T00:09:47,0.0,23.559188842773438,1478072.75,591598.1875,,,,32.498695373535156
2024-10-04T00:09:48,0.0,23.28006362915039,210512.125,372429.03125,,,,32.30781555175781
2024-10-04T00:09:49,0.0,24.095624923706055,187795.765625,420764.1875,,,,32.319007873535156
2024-10-04T00:09:50,0.0,24.724124908447266,40558.91796875,263712.65625,,,,32.290950775146484
2024-10-04T00:09:51,0.0,23.208251953125,688083.9375,333690.4375,,,,32.59434127807617
2024-10-04T00:09:52,0.0,24.250438690185547,79154.90625,314975.46875,,,,32.96149826049805
2024-10-04T00:09:53,0.0,25.963563919067383,43973.08203125,257186.328125,,,,32.97831344604492
2024-10-04T00:09:54,0.0,23.896560668945312,2045234.875,383669.75,,,,32.8977165222168
2024-10-04T00:09:55,0.0,25.84833335876465,689593.9375,379072.8125,,,,33.04853057861328
2024-10-04T00:09:56,0.0,27.45018768310547,390338.71875,579552.125,,,,33.24504852294922
2024-10-04T00:09:57,0.0,27.853374481201172,2429936.5,408936.25,,,,33.17371368408203
2024-10-04T00:09:58,0.0,28.632686614990234,4666498.5,625597.25,,,,34.45863723754883
2024-10-04T00:09:59,0.0,26.81306266784668,1009652.875,365978.1875,,,,34.946388244628906
2024-10-04T00:10:00,0.0,24.93956184387207,42446.35546875,260625.65625,,,,34.522151947021484
2024-10-04T00:10:01,0.0,25.502124786376953,88155.8828125,306377.125,,,,34.23030471801758
2024-10-04T00:10:02,0.0,28.921998977661133,186772.359375,506764.1875,,,,33.6038932800293
2024-10-04T00:10:03,0.0,30.996065139770508,27774.681640625,257849.03125,,,,32.27235794067383
2024-10-04T00:10:04,0.0,29.676250457763672,106157.8359375,335292.65625,,,,31.84250259399414
2024-10-04T00:10:05,0.0,31.029064178466797,126080.78125,338430.0,,,,31.51076889038086
2024-10-04T00:10:06,0.0,30.816936492919922,187544.109375,374408.75,,,,31.039962768554688
2024-10-04T00:10:07,0.0,29.11775016784668,1522851.125,422081.1875,,,,31.51067543029785
2024-10-04T00:10:08,0.0,30.37066650390625,1127814.75,350702.53125,,,,32.75198745727539
2024-10-04T00:10:09,0.0,29.296751022338867,86234.890625,221165.65625,,,,33.21086883544922
2024-10-04T00:10:10,0.0,25.844688415527344,163955.34375,429798.71875,,,,32.54914855957031
2024-10-04T00:10:11,0.0,26.255001068115234,102039.03125,215268.453125,,,,32.380096435546875
2024-10-04T00:10:12,0.0,30.1937313079834,1102271.5,262873.8125,,,,34.31446838378906
2024-10-04T00:10:13,0.0,29.71559715270996,3248245.25,910314.9375,,,,40.803985595703125
2024-10-04T00:10:14,0.0,27.308626174926758,806807.9375,335267.5,,,,43.3135871887207
2024-10-04T00:10:15,0.0,27.109622955322266,38117.8359375,262529.875,,,,39.98847579956055
2024-10-04T00:10:16,0.0,28.24712562561035,176102.046875,264165.65625,,,,38.18247985839844
2024-10-04T00:10:17,0.0,28.148561477661133,694610.3125,446005.5,,,,38.5510139465332
2024-10-04T00:10:18,0.0,26.645376205444336,1290209.875,1464298.625,,,,39.4698600769043
2024-10-04T00:10:19,0.0,26.72650146484375,61714.98828125,306016.40625,,,,39.61042404174805
2024-10-04T00:10:20,0.0,27.31526756286621,119587.9921875,284818.40625,,,,38.7397575378418
2024-10-04T00:10:21,0.0,32.22393035888672,1038174.125,397318.03125,,,,38.006568908691406
2024-10-04T00:10:22,0.0,30.85186767578125,3231057.0,423356.28125,,,,39.388694763183594
2024-10-04T00:10:23,0.0,26.121667861938477,74356.625,410664.3125,,,,39.945411682128906
2024-10-04T00:10:24,0.0,27.172563552856445,200756.171875,289130.15625,,,,38.74512481689453
2024-10-04T00:10:25,0.0,29.176502227783203,3790115.75,590071.4375,,,,37.44137191772461
2024-10-04T00:10:26,0.0,28.742813110351562,1282861.375,235971.546875,,,,36.77002716064453
2024-10-04T00:10:27,0.0,28.537185668945312,394239.40625,575374.625,,,,36.347557067871094
2024-10-04T00:10:28,0.0,30.150867462158203,139099.890625,385917.90625,,,,34.92378234863281
2024-10-04T00:10:29,0.0,28.520000457763672,99421.78125,327407.375,,,,31.98602294921875
2024-10-04T00:10:30,0.0,26.723623275756836,45390.7578125,275716.78125,,,,30.2061710357666
2024-10-04T00:10:31,0.0,26.60531234741211,883748.25,550745.6875,,,,31.36578941345215
2024-10-04T00:10:32,0.0,28.364248275756836,1470598.5,375029.5,,,,31.674060821533203
2024-10-04T00:10:33,0.0,30.022123336791992,1942684.125,361867.78125,,,,29.874481201171875
2024-10-04T00:10:34,0.0,29.202749252319336,82116.0859375,238437.796875,,,,29.33182144165039
2024-10-04T00:10:35,0.0,28.018129348754883,205814.5,475323.6875,,,,30.57375717163086
2024-10-04T00:10:36,0.0,27.31968879699707,131172.65625,314472.125,,,,31.222082138061523
2024-10-04T00:10:37,0.0,26.1331844329834,266430.59375,944112.6875,,,,31.642086029052734
2024-10-04T00:10:38,0.0,26.501251220703125,51749.32421875,190144.578125,,,,31.449260711669922
2024-10-04T00:10:39,0.0,26.84231185913086,1310829.0,480927.28125,,,,30.857675552368164
2024-10-04T00:10:40,0.0,24.904666900634766,179365.21875,371019.75,,,,30.296493530273438
2024-10-04T00:10:41,0.0,26.37026596069336,132506.453125,309455.75,,,,30.82903480529785
2024-10-04T00:10:42,0.0,33.3120002746582,342699.8125,208196.859375,,,,32.19856262207031
2024-10-04T00:10:43,0.0,47.55592346191406,1068868.0,403458.5,,,,31.63991928100586
2024-10-04T00:10:44,0.06666667014360428,51.0794677734375,618961.8125,355114.9375,,,,29.4679012298584
2024-10-04T00:10:45,0.0714285746216774,46.187503814697266,989427.9375,419187.125,,,,28.052642822265625
2024-10-04T00:10:46,0.0,28.351064682006836,1749612.0,467253.84375,,,,29.220434188842773
2024-10-04T00:10:47,0.0,27.8336238861084,1892419.625,464628.21875,,,,30.763263702392578
2024-10-04T00:10:48,0.0,27.926876068115234,1709506.0,513290.53125,,,,32.34726333618164
2024-10-04T00:10:49,0.0,29.867799758911133,36414.94921875,282561.875,,,,33.0034065246582
2024-10-04T00:10:50,0.0,43.80472946166992,42320.52734375,151003.328125,,,,32.33350372314453
2024-10-04T00:10:51,0.0,59.03485870361328,1035514.9375,424346.125,,,,30.59866714477539
2024-10-04T00:10:52,0.0,53.37353515625,73391.9296875,302971.34375,,,,28.491954803466797
2024-10-04T00:10:53,0.0,33.083534240722656,164156.671875,433766.53125,,,,28.387292861938477
2024-10-04T00:10:54,0.0,30.7503719329834,1175453.75,394457.5,,,,29.289859771728516
2024-10-04T00:10:55,0.0,24.569250106811523,96645.15625,345266.71875,,,,30.54998207092285
2024-10-04T00:10:56,0.0,30.7237491607666,549613.1875,435712.6875,,,,32.208621978759766
2024-10-04T00:10:57,0.0,38.47549819946289,2304786.75,409439.5625,,,,32.801151275634766
2024-10-04T00:10:58,0.0,33.555599212646484,1567101.0,255022.078125,,,,34.16897201538086
2024-10-04T00:10:59,0.06666667014360428,30.447813034057617,675996.0,432474.6875,,,,37.563133239746094
2024-10-04T00:11:00,0.06666667014360428,28.935333251953125,46472.88671875,280062.0625,,,,37.08924865722656
2024-10-04T00:11:01,0.0,26.29568862915039,41448.11328125,274945.03125,,,,36.3702507019043
2024-10-04T00:11:02,0.0,29.23606300354004,51573.16015625,152966.265625,,,,37.53342819213867
2024-10-04T00:11:03,0.0,29.85381317138672,104362.671875,382738.625,,,,38.173126220703125
2024-10-04T00:11:04,0.0,28.0674991607666,233303.96875,327491.25,,,,38.443546295166016
2024-10-04T00:11:05,0.0,29.146377563476562,1161822.25,356666.84375,,,,40.426326751708984
2024-10-04T00:11:06,0.0,29.594314575195312,1893065.5,479367.0,,,,43.5179328918457
2024-10-04T00:11:07,0.0,29.221437454223633,785618.3125,346273.34375,,,,43.29399871826172
2024-10-04T00:11:08,0.0,28.9710693359375,108632.4765625,317919.84375,,,,40.60118865966797
2024-10-04T00:11:09,0.0,28.147750854492188,782363.5,362312.375,,,,39.89988708496094
2024-10-04T00:11:10,0.0,26.425189971923828,3007425.0,460878.5,,,,42.21022033691406
2024-10-04T00:11:11,0.0,28.71556282043457,417836.5625,504423.78125,,,,42.04987335205078
2024-10-04T00:11:12,0.0,32.128665924072266,61865.984375,264593.46875,,,,40.03209686279297
2024-10-04T00:11:13,0.0,29.316932678222656,690390.8125,227935.25,,,,39.300498962402344
2024-10-04T00:11:14,0.0,27.902812957763672,433623.9375,950110.5,,,,39.25282287597656
2024-10-04T00:11:15,0.0,33.28913497924805,42479.91015625,373058.1875,,,,37.510013580322266
2024-10-04T00:11:16,0.0,33.8216667175293,51975.81640625,283744.65625,,,,35.59328079223633
2024-10-04T00:11:17,0.0,28.06012725830078,552322.75,316384.75,,,,35.950801849365234
2024-10-04T00:11:18,0.0,26.15856170654297,1564961.875,1308102.75,,,,36.9626350402832
2024-10-04T00:11:19,0.0,26.979812622070312,1092154.875,661718.5625,,,,37.431358337402344
2024-10-04T00:11:20,0.0,27.804563522338867,1306458.625,285858.59375,,,,37.32120895385742
2024-10-04T00:11:21,0.0,27.97343635559082,1217522.625,371783.09375,,,,37.43346405029297
2024-10-04T00:11:22,0.0,28.308189392089844,1283490.625,443782.53125,,,,38.00117874145508
2024-10-04T00:11:23,0.0,27.7966251373291,1164817.0,542642.25,,,,37.68531036376953
2024-10-04T00:11:24,0.0,28.459999084472656,524178.9375,208733.734375,,,,37.51983642578125
2024-10-04T00:11:25,0.0,28.877126693725586,411654.15625,498962.78125,,,,37.31061935424805
2024-10-04T00:11:26,0.0,29.29119110107422,511881.25,428053.875,,,,36.581214904785156
2024-10-04T00:11:27,0.0,36.910499572753906,113715.96875,370969.40625,,,,35.585845947265625
2024-10-04T00:11:28,0.0,48.15707015991211,106384.328125,744900.0,,,,33.01213836669922
2024-10-04T00:11:29,0.0,37.5894660949707,1378130.875,677313.0,,,,31.094104766845703
2024-10-04T00:11:30,0.0,30.096933364868164,2226957.25,534194.9375,,,,31.313705444335938
2024-10-04T00:11:31,0.0,31.793001174926758,2281315.5,440687.125,,,,31.81317138671875
2024-10-04T00:11:32,0.0,46.901283264160156,78810.96875,157068.296875,,,,31.43324851989746
2024-10-04T00:11:33,0.0,64.75553131103516,34040.97265625,265046.46875,,,,30.16690444946289
2024-10-04T00:11:34,0.0,62.807071685791016,44283.4609375,421502.375,,,,28.72127914428711
2024-10-04T00:11:35,0.0,46.99480056762695,672875.4375,318507.0625,,,,28.56985092163086
2024-10-04T00:11:36,0.0,40.638999938964844,87417.6875,203146.921875,,,,29.001995086669922
2024-10-04T00:11:37,0.0,44.85418701171875,465198.65625,445116.3125,,,,28.186203002929688
2024-10-04T00:11:38,0.0,39.825538635253906,1925974.125,385615.90625,,,,27.74253273010254
2024-10-04T00:11:39,0.0,34.977333068847656,580198.0625,314119.8125,,,,27.636133193969727
2024-10-04T00:11:40,0.0,33.99533462524414,143990.453125,182150.234375,,,,27.60495948791504
2024-10-04T00:11:41,0.0,31.778602600097656,87551.8984375,332725.75,,,,27.94840431213379
2024-10-04T00:11:42,0.0,34.93170928955078,175724.5625,335032.625,,,,28.486623764038086
2024-10-04T00:11:43,0.0,35.32113265991211,2052130.375,445611.25,,,,30.48287010192871
2024-10-04T00:11:44,0.06666667014360428,33.39433288574219,1376436.375,525093.3125,,,,31.2822265625
2024-10-04T00:11:45,0.06666667014360428,32.031532287597656,47680.84765625,261019.921875,,,,31.339916229248047
2024-10-04T00:11:46,0.0,30.62066650390625,79607.890625,218842.0,,,,32.05487823486328
2024-10-04T00:11:47,0.0,27.33812141418457,83340.8203125,421435.28125,,,,32.82040786743164
2024-10-04T00:11:48,0.0,24.614377975463867,141406.765625,307710.90625,,,,33.500370025634766
2024-10-04T00:11:49,0.0,26.997440338134766,80186.703125,185153.359375,,,,33.63008499145508
2024-10-04T00:11:50,0.0,34.71979904174805,50524.5859375,357304.375,,,,32.48664855957031
2024-10-04T00:11:51,0.0,40.51713562011719,512434.90625,335116.5,,,,30.845989227294922
2024-10-04T00:11:52,0.0,37.953800201416016,260843.765625,333086.46875,,,,30.42452049255371
2024-10-04T00:11:53,0.0,33.726863861083984,2322579.0,416486.0,,,,30.22446632385254
2024-10-04T00:11:54,0.0,37.702735900878906,1479985.375,328908.9375,,,,31.49863052368164
2024-10-04T00:11:55,0.0,43.15250015258789,1134534.125,441307.875,,,,31.629634857177734
2024-10-04T00:11:56,0.0,34.554443359375,295379.65625,219429.203125,,,,31.092641830444336
2024-10-04T00:11:57,0.0,40.12893295288086,1312339.0,488569.3125,,,,31.98065757751465
2024-10-04T00:11:58,0.0,38.303565979003906,42840.62109375,318641.28125,,,,32.824562072753906
2024-10-04T00:11:59,0.0,23.732563018798828,75195.484375,468906.40625,,,,34.32759094238281
2024-10-04T00:12:00,0.0,23.489810943603516,441693.78125,644496.75,,,,34.95909118652344
2024-10-04T00:12:01,0.0,25.31475067138672,709927.875,532097.8125,,,,35.00431823730469
2024-10-04T00:12:02,0.0,27.8989315032959,446164.90625,311024.40625,,,,35.19353485107422
2024-10-04T00:12:03,0.0,27.480688095092773,5719059.5,414632.125,,,,33.5148811340332
2024-10-04T00:12:04,0.0,26.267873764038086,3943585.25,555208.4375,,,,31.610788345336914
2024-10-04T00:12:05,0.0,26.417625427246094,677480.75,313239.0,,,,31.088022232055664
2024-10-04T00:12:06,0.0,27.769376754760742,67847.0625,347279.96875,,,,30.242507934570312
2024-10-04T00:12:07,0.0,27.982561111450195,116349.9921875,332818.03125,,,,29.901031494140625
2024-10-04T00:12:08,0.0,28.417938232421875,146507.03125,287225.9375,,,,30.132959365844727
2024-10-04T00:12:09,0.0,29.940814971923828,1045455.4375,357069.5,,,,30.41226577758789
2024-10-04T00:12:10,0.0,27.231813430786133,66051.8984375,343857.4375,,,,30.588680267333984
2024-10-04T00:12:11,0.0,24.34873390197754,4047872.5,340954.96875,,,,30.547170639038086
2024-10-04T00:12:12,0.0,29.434398651123047,6958778.0,619834.25,,,,30.75070571899414
2024-10-04T00:12:13,0.0,34.09499740600586,100193.53125,326350.40625,,,,31.46683120727539
2024-10-04T00:12:14,0.06666667014360428,33.29043960571289,76797.703125,267110.0625,,,,32.099002838134766
2024-10-04T00:12:15,0.0625,31.033201217651367,42127.58984375,148084.09375,,,,31.919631958007812
2024-10-04T00:12:16,0.0,30.186668395996094,61698.2109375,218028.3125,,,,31.781497955322266
2024-10-04T00:12:17,0.0,30.437402725219727,730622.5625,433145.78125,,,,32.38451385498047
2024-10-04T00:12:18,0.0,27.88653564453125,1081912.375,1490169.125,,,,33.780635833740234
2024-10-04T00:12:19,0.0,28.290563583374023,133194.3125,242539.828125,,,,34.141414642333984
2024-10-04T00:12:20,0.0,32.3309326171875,139494.15625,417702.34375,,,,33.36767578125
2024-10-04T00:12:21,0.0,28.86594009399414,32103.203125,260986.375,,,,32.7666130065918
2024-10-04T00:12:22,0.0,26.852813720703125,3490927.5,447926.5,,,,33.278907775878906
2024-10-04T00:12:23,0.0,31.17218589782715,6734064.0,647072.0625,,,,34.50520706176758
2024-10-04T00:12:24,0.0,29.276628494262695,65347.2578125,292527.53125,,,,34.38059616088867
2024-10-04T00:12:25,0.0,28.304250717163086,36146.51171875,384399.5625,,,,33.38890838623047
2024-10-04T00:12:26,0.0,29.429874420166016,169139.5,300849.03125,,,,32.82607650756836
2024-10-04T00:12:27,0.0,31.545936584472656,698217.375,297141.28125,,,,33.975379943847656
2024-10-04T00:12:28,0.0,34.3669319152832,76076.2890625,500254.625,,,,34.780277252197266
2024-10-04T00:12:29,0.0,31.705198287963867,84347.453125,319127.8125,,,,33.909820556640625
2024-10-04T00:12:30,0.0,28.766372680664062,39980.10546875,154979.53125,,,,33.90050506591797
2024-10-04T00:12:31,0.0,28.94540023803711,1786672.875,404498.6875,,,,34.67932891845703
2024-10-04T00:12:32,0.0,29.36713409423828,5187850.5,524229.28125,,,,36.21847915649414
2024-10-04T00:12:33,0.0,28.608312606811523,5023216.0,491295.59375,,,,37.22045135498047
2024-10-04T00:12:34,0.0,29.587249755859375,82048.9765625,309187.3125,,,,37.01170349121094
2024-10-04T00:12:35,0.0,28.416309356689453,788545.9375,466834.4375,,,,37.371543884277344
2024-10-04T00:12:36,0.0,28.474498748779297,302166.0625,322021.875,,,,38.03776931762695
2024-10-04T00:12:37,0.0,30.420440673828125,263167.40625,514825.65625,,,,38.17719268798828
2024-10-04T00:12:38,0.0,29.754375457763672,184868.140625,236357.421875,,,,37.94992446899414
2024-10-04T00:12:39,0.0,27.751062393188477,169298.890625,419438.78125,,,,37.72960662841797
2024-10-04T00:12:40,0.0,28.050561904907227,36800.82421875,384777.0625,,,,37.537567138671875
2024-10-04T00:12:41,0.0,28.384748458862305,173233.140625,311410.28125,,,,37.31398010253906
2024-10-04T00:12:42,0.0,40.27580261230469,372034.75,437004.53125,,,,36.87428665161133
2024-10-04T00:12:43,0.0,50.86528396606445,842652.4375,484609.875,,,,34.54216384887695
2024-10-04T00:12:44,0.0,54.947669982910156,87249.9140625,258218.125,,,,31.29363441467285
2024-10-04T00:12:45,0.0,55.469932556152344,85102.4296875,346055.25,,,,29.059146881103516
2024-10-04T00:12:46,0.0,45.60078811645508,1891857.625,423473.71875,,,,28.30422019958496
2024-10-04T00:12:47,0.0,33.77706527709961,4357353.5,601983.3125,,,,29.90985679626465
2024-10-04T00:12:48,0.0,27.598798751831055,5271300.5,554528.9375,,,,31.968761444091797
2024-10-04T00:12:49,0.0,35.02393341064453,2358843.0,1948447.125,,,,33.13207244873047
2024-10-04T00:12:50,0.0,44.44399642944336,519791.71875,559436.25,,,,32.4588737487793
2024-10-04T00:12:51,0.0,40.110565185546875,3334270.25,535000.25,,,,31.729040145874023
2024-10-04T00:12:52,0.0,31.275938034057617,4738741.5,626989.75,,,,32.56068420410156
2024-10-04T00:12:53,0.0,28.149063110351562,3354780.5,756023.3125,,,,33.39580535888672
2024-10-04T00:12:54,0.0,25.938499450683594,360810.8125,245308.0625,,,,34.56113815307617
2024-10-04T00:12:55,0.0,25.037996292114258,440099.9375,444646.5625,,,,34.480247497558594
2024-10-04T00:12:56,0.0,25.393999099731445,687488.375,342691.40625,,,,34.057884216308594
2024-10-04T00:12:57,0.0,29.35375213623047,996440.8125,394272.96875,,,,34.469749450683594
2024-10-04T00:12:58,0.0,33.621185302734375,167705.046875,340124.5,,,,36.4139289855957
2024-10-04T00:12:59,0.0,33.80381393432617,573562.6875,387587.25,,,,38.44248962402344
2024-10-04T00:13:00,0.0,29.71581268310547,84028.6875,152068.6875,,,,39.14168167114258
2024-10-04T00:13:01,0.0,30.25662612915039,1679122.5,445401.53125,,,,39.70503234863281
2024-10-04T00:13:02,0.0,30.840864181518555,5034742.0,750772.0,,,,40.541812896728516
2024-10-04T00:13:03,0.0,30.986865997314453,2423653.5,558840.6875,,,,40.913169860839844
2024-10-04T00:13:04,0.0,31.484533309936523,80404.8046875,191386.09375,,,,40.79130172729492
2024-10-04T00:13:05,0.0,30.21068572998047,4043921.5,503761.0625,,,,40.498924255371094
2024-10-04T00:13:06,0.0,31.2366886138916,6444640.5,632131.9375,,,,41.19889450073242
2024-10-04T00:13:07,0.0,31.562999725341797,67838.671875,287863.46875,,,,41.634586334228516
2024-10-04T00:13:08,0.0,30.622398376464844,178476.03125,326904.0625,,,,41.24020767211914
2024-10-04T00:13:09,0.0,30.39462661743164,296327.5625,425218.53125,,,,41.30447006225586
2024-10-04T00:13:10,0.0,32.41524887084961,126206.609375,330351.78125,,,,40.67098617553711
2024-10-04T00:13:11,0.0,33.27693176269531,1366697.125,422936.84375,,,,40.01777267456055
2024-10-04T00:13:12,0.0,33.21556091308594,2845936.0,490498.6875,,,,40.002384185791016
2024-10-04T00:13:13,0.0,32.76675033569336,5134340.0,506596.4375,,,,41.497230529785156
2024-10-04T00:13:14,0.0,29.600465774536133,39485.1796875,271329.53125,,,,41.482994079589844
2024-10-04T00:13:15,0.0,27.797813415527344,1072911.375,399054.46875,,,,40.4714241027832
2024-10-04T00:13:16,0.0,25.950498580932617,70690.796875,284038.28125,,,,39.21792221069336
2024-10-04T00:13:17,0.0,26.687376022338867,41154.51171875,259216.375,,,,38.96547317504883
2024-10-04T00:13:18,0.0,26.89566421508789,1163432.875,1326129.875,,,,40.06671142578125
2024-10-04T00:13:19,0.0,26.957599639892578,758003.0,376984.03125,,,,40.31946563720703
2024-10-04T00:13:20,0.0,26.31168556213379,69180.8515625,298357.625,,,,40.16963577270508
2024-10-04T00:13:21,0.0,25.52539825439453,114160.5625,322793.625,,,,40.186492919921875
2024-10-04T00:13:22,0.0,26.715999603271484,131944.421875,412383.96875,,,,39.724945068359375
2024-10-04T00:13:23,0.0,27.314001083374023,1126816.5,420437.03125,,,,39.77014923095703
2024-10-04T00:13:24,0.0,27.06981086730957,2389746.75,381757.15625,,,,40.13132858276367
2024-10-04T00:13:25,0.0,26.5416259765625,52244.25,293978.78125,,,,39.82212829589844
2024-10-04T00:13:26,0.0,27.592437744140625,138521.078125,339579.25,,,,39.74446105957031
2024-10-04T00:13:27,0.0,30.42706871032715,92484.40625,366842.21875,,,,39.603492736816406
2024-10-04T00:13:28,0.0,29.545799255371094,123136.375,390850.40625,,,,37.409828186035156
2024-10-04T00:13:29,0.0,29.081811904907227,790257.1875,456516.4375,,,,33.90355682373047
2024-10-04T00:13:30,0.0,32.725135803222656,230418.28125,413508.03125,,,,31.72330093383789
2024-10-04T00:13:31,0.0,28.90668487548828,835555.6875,413659.03125,,,,31.13852882385254
2024-10-04T00:13:32,0.0,25.802125930786133,1198052.625,328011.34375,,,,31.84999656677246
2024-10-04T00:13:33,0.0,23.997188568115234,1701578.75,346835.375,,,,32.97969055175781
2024-10-04T00:13:34,0.0,23.38918685913086,596455.1875,336634.84375,,,,33.9853515625
2024-10-04T00:13:35,0.0,30.796934127807617,4613491.0,436165.6875,,,,34.041297912597656
2024-10-04T00:13:36,0.0,47.27125930786133,68937.578125,292066.15625,,,,32.250633239746094
2024-10-04T00:13:37,0.0,43.52656173706055,1387257.625,414187.53125,,,,30.605457305908203
2024-10-04T00:13:38,0.0,42.001399993896484,115964.1171875,273275.6875,,,,30.018640518188477
2024-10-04T00:13:39,0.0,45.13528060913086,97794.390625,266925.5,,,,29.352325439453125
2024-10-04T00:13:40,0.0,37.36386489868164,118547.8046875,284021.5,,,,29.419540405273438
2024-10-04T00:13:41,0.0,44.76156997680664,739699.0625,379165.09375,,,,28.31833839416504
2024-10-04T00:13:42,0.0,31.173145294189453,76000.7890625,290505.875,,,,28.4686222076416
2024-10-04T00:13:43,0.0,22.133134841918945,3139965.0,521360.375,,,,30.778884887695312
2024-10-04T00:13:44,0.0,23.201313018798828,108892.5234375,335930.1875,,,,31.387374877929688
2024-10-04T00:13:45,0.0,26.646812438964844,739657.125,352271.21875,,,,31.123733520507812
2024-10-04T00:13:46,0.0,26.49125099182129,119940.3203125,337465.3125,,,,31.106897354125977
2024-10-04T00:13:47,0.0,23.12249755859375,149283.671875,323976.4375,,,,30.396373748779297
2024-10-04T00:13:48,0.0,24.074705123901367,191738.40625,301100.6875,,,,30.434978485107422
2024-10-04T00:13:49,0.0,25.288236618041992,824029.75,534874.4375,,,,31.234228134155273
2024-10-04T00:13:50,0.0,24.476058959960938,339906.40625,342011.9375,,,,31.818660736083984
2024-10-04T00:13:51,0.0,25.055883407592773,105251.8671875,287360.15625,,,,31.363000869750977
2024-10-04T00:13:52,0.0,23.867687225341797,161589.75,386077.28125,,,,30.489425659179688
2024-10-04T00:13:53,0.0,20.83162498474121,3682666.0,441358.21875,,,,30.7869815826416
2024-10-04T00:13:54,0.0,24.640623092651367,35425.08984375,262496.3125,,,,31.92917251586914
2024-10-04T00:13:55,0.0,25.92656135559082,38075.890625,273124.6875,,,,31.131641387939453
2024-10-04T00:13:56,0.0,22.14246940612793,292510.75,367781.75,,,,29.794239044189453
2024-10-04T00:13:57,0.0,24.463376998901367,591791.125,323716.375,,,,31.706615447998047
2024-10-04T00:13:58,0.0,28.28266716003418,171958.078125,293307.6875,,,,34.09127426147461
2024-10-04T00:13:59,0.0,30.084333419799805,46380.61328125,266086.65625,,,,33.04709243774414
2024-10-04T00:14:00,0.0,28.849687576293945,35903.2421875,263536.5,,,,31.239526748657227
2024-10-04T00:14:01,0.0,26.803377151489258,130828.7265625,349159.03125,,,,31.635234832763672
2024-10-04T00:14:02,0.0,26.132875442504883,53779.3671875,279307.09375,,,,32.28114318847656
2024-10-04T00:14:03,0.0,26.51087760925293,1209737.875,368469.59375,,,,32.22227478027344
2024-10-04T00:14:04,0.0,28.7786865234375,173426.078125,313784.28125,,,,32.002960205078125
2024-10-04T00:14:05,0.0,29.305622100830078,33948.6953125,259115.71875,,,,32.10249710083008
2024-10-04T00:14:06,0.0,27.980127334594727,5417354.5,556592.5,,,,32.193382263183594
2024-10-04T00:14:07,0.0,28.414501190185547,695566.625,363830.71875,,,,32.62003707885742
2024-10-04T00:14:08,0.0,29.42031478881836,107986.5546875,315503.9375,,,,32.96043014526367
2024-10-04T00:14:09,0.0,27.466936111450195,102886.2734375,272663.3125,,,,32.722801208496094
2024-10-04T00:14:10,0.0,26.119813919067383,35190.2109375,277335.78125,,,,33.37517547607422
2024-10-04T00:14:11,0.0,28.159440994262695,752147.75,366447.9375,,,,32.9930419921875
2024-10-04T00:14:12,0.0,27.421876907348633,36406.55859375,261036.703125,,,,32.50611877441406
2024-10-04T00:14:13,0.0,28.190872192382812,30232.54296875,269492.40625,,,,33.11689376831055
2024-10-04T00:14:14,0.0,27.568933486938477,51858.375,271245.625,,,,33.16612243652344
2024-10-04T00:14:15,0.0,26.22893524169922,965839.1875,310563.03125,,,,33.04132843017578
2024-10-04T00:14:16,0.0,29.514999389648438,51900.31640625,281832.0625,,,,32.71912384033203
2024-10-04T00:14:17,0.0,29.30256462097168,39963.328125,264434.09375,,,,32.436622619628906
2024-10-04T00:14:18,0.0,29.807336807250977,3180138.0,1400805.25,,,,33.81937789916992
2024-10-04T00:14:19,0.0,32.885868072509766,2156493.0,427986.78125,,,,34.398353576660156
2024-10-04T00:14:20,0.0,32.33466720581055,44887.44140625,274609.46875,,,,33.58749008178711
2024-10-04T00:14:21,0.0,29.208250045776367,50264.5390625,264786.40625,,,,33.157527923583984
2024-10-04T00:14:22,0.0,27.226686477661133,178660.578125,381354.5,,,,33.19240951538086
2024-10-04T00:14:23,0.0,27.37259864807129,735488.0,309036.3125,,,,33.519771575927734
2024-10-04T00:14:24,0.0,26.6458740234375,4176629.25,534689.875,,,,33.24602127075195
2024-10-04T00:14:25,0.0,25.02168846130371,119126.625,379618.0625,,,,33.89936065673828
2024-10-04T00:14:26,0.0,28.361438751220703,141960.40625,340694.9375,,,,34.04636764526367
2024-10-04T00:14:27,0.0,29.602399826049805,75942.0703125,316007.25,,,,33.89533233642578
2024-10-04T00:14:28,0.0,24.438125610351562,161421.984375,445082.75,,,,35.107967376708984
2024-10-04T00:14:29,0.0,22.385589599609375,1311248.5,358487.15625,,,,35.09873580932617
2024-10-04T00:14:30,0.0,23.27531623840332,38956.6953125,292963.75,,,,34.757362365722656
2024-10-04T00:14:31,0.0,21.62612533569336,61178.1171875,319924.71875,,,,34.87016296386719
2024-10-04T00:14:32,0.0,22.36949920654297,4152293.75,436635.4375,,,,35.297332763671875
2024-10-04T00:14:33,0.0,23.729799270629883,666785.3125,310160.40625,,,,36.86973571777344
2024-10-04T00:14:34,0.0,23.727872848510742,109194.5078125,308046.46875,,,,36.76948547363281
2024-10-04T00:14:35,0.0,23.886558532714844,40441.48046875,265331.65625,,,,36.37895965576172
2024-10-04T00:14:36,0.0,23.47543716430664,77955.3359375,299381.03125,,,,35.999351501464844
2024-10-04T00:14:37,0.0,23.024438858032227,850831.3125,527945.4375,,,,35.95747375488281
2024-10-04T00:14:38,0.0,20.73070526123047,195395.84375,430612.40625,,,,36.47438430786133
2024-10-04T00:14:39,0.0,21.61941146850586,503928.84375,485431.96875,,,,36.5252799987793
2024-10-04T00:14:40,0.0,23.211437225341797,150281.90625,328640.5,,,,36.457313537597656
2024-10-04T00:14:41,0.0,23.12037467956543,744203.75,319924.71875,,,,35.8867073059082
2024-10-04T00:14:42,0.0,24.241436004638672,328514.65625,304691.03125,,,,35.5238037109375
2024-10-04T00:14:43,0.0,23.73393440246582,95613.3515625,269500.8125,,,,35.443763732910156
2024-10-04T00:14:44,0.0,24.800600051879883,1262225.5,402955.1875,,,,34.79704666137695
2024-10-04T00:14:45,0.0,31.828065872192383,482370.125,364694.71875,,,,32.9171142578125
2024-10-04T00:14:46,0.0,30.013813018798828,116811.3671875,297099.34375,,,,31.262802124023438
2024-10-04T00:14:47,0.0,21.65358543395996,129251.671875,340502.0,,,,31.657894134521484
2024-10-04T00:14:48,0.0,21.136703491210938,562959.5,520706.0625,,,,33.60954666137695
2024-10-04T00:14:49,0.0,24.81624984741211,719298.0,419640.125,,,,34.77058410644531
2024-10-04T00:14:50,0.0,31.913732528686523,296998.65625,460811.40625,,,,33.52354431152344
